Debug: 初始 DASHSCOPE_API_KEY = None
Debug: 尝试从配置文件读取...
Debug: 读取到的 API Key: sk-4e2bb9108e1541f9b7dd88855922c7a3
🔑 从配置文件读取到 DashScope API Key
[2026-03-08 09:55:06] ======================================================================
[2026-03-08 09:55:06] 🚀 富化缺失的 1,105 名候选人
[2026-03-08 09:55:06] ======================================================================
[2026-03-08 09:55:06] 📖 读取输入文件: /Users/lillianliao/notion_rag/github_mining/scripts/github_mining/phase45_missing_1105.json
[2026-03-08 09:55:06] ✅ 加载 1105 个候选人
[2026-03-08 09:55:06] ✅ API Key 已配置
[2026-03-08 09:55:06] 📁 进度恢复: 已完成 0 个
[2026-03-08 09:55:06] ======================================================================
[2026-03-08 09:55:06] 开始批量LLM提取...
[2026-03-08 09:55:06] ======================================================================
[2026-03-08 09:55:06] [1/1105] Hu Wenbo
[2026-03-08 09:55:06]   📄 使用已有网站内容 (10014 字符)
[2026-03-08 09:55:21]   ✅ 提取成功，质量分: 95
[2026-03-08 09:55:22] [2/1105] Yifan Lu
[2026-03-08 09:55:22]   📄 使用已有网站内容 (5469 字符)
[2026-03-08 09:55:33]   ✅ 提取成功，质量分: 100
[2026-03-08 09:55:34] [3/1105] Xingyu Liu
[2026-03-08 09:55:34]   📄 使用已有网站内容 (10014 字符)
[2026-03-08 09:55:47]   ✅ 提取成功，质量分: 100
[2026-03-08 09:55:47] [4/1105] Jiawei Liu
[2026-03-08 09:55:47]   📄 使用已有网站内容 (6661 字符)
[2026-03-08 09:56:00]   ✅ 提取成功，质量分: 100
[2026-03-08 09:56:01] [5/1105] Yifei Wang
[2026-03-08 09:56:01]   📄 使用已有网站内容 (4506 字符)
[2026-03-08 09:56:19]   ✅ 提取成功，质量分: 100
[2026-03-08 09:56:19] [6/1105] Yuying Ge
[2026-03-08 09:56:19]   📄 使用已有网站内容 (9516 字符)
[2026-03-08 09:56:36]   ✅ 提取成功，质量分: 100
[2026-03-08 09:56:36] [7/1105] Liang Wang
[2026-03-08 09:56:36]   📄 使用已有网站内容 (7158 字符)
[2026-03-08 09:56:50]   ✅ 提取成功，质量分: 100
[2026-03-08 09:56:51] [8/1105] Kai Zhang
[2026-03-08 09:56:51]   📄 使用已有网站内容 (10014 字符)
[2026-03-08 09:57:04]   ✅ 提取成功，质量分: 100
[2026-03-08 09:57:04] [9/1105] Zilong Zheng
[2026-03-08 09:57:04]   📄 使用已有网站内容 (10014 字符)
[2026-03-08 09:57:16]   ✅ 提取成功，质量分: 75
[2026-03-08 09:57:16] [10/1105] Jiao, Wenxiang
[2026-03-08 09:57:16]   📄 使用已有网站内容 (4396 字符)
[2026-03-08 09:57:30]   ✅ 提取成功，质量分: 95
[2026-03-08 09:57:30] [11/1105] HOU Yuenan
[2026-03-08 09:57:30]   📄 使用已有网站内容 (10014 字符)
[2026-03-08 09:57:42]   ✅ 提取成功，质量分: 100
[2026-03-08 09:57:43] [12/1105] None
[2026-03-08 09:57:43]   📄 使用已有网站内容 (10014 字符)
[2026-03-08 09:57:56]   ✅ 提取成功，质量分: 100
[2026-03-08 09:57:57] [13/1105] Nan Duan
[2026-03-08 09:57:57]   📄 使用已有网站内容 (10014 字符)
[2026-03-08 09:58:10]   ✅ 提取成功，质量分: 95
[2026-03-08 09:58:10] [14/1105] Jiacheng Ye
[2026-03-08 09:58:10]   📄 使用已有网站内容 (6365 字符)
[2026-03-08 09:58:25]   ✅ 提取成功，质量分: 100
[2026-03-08 09:58:25] [15/1105] Jie Zhang
[2026-03-08 09:58:25]   📄 使用已有网站内容 (10014 字符)
[2026-03-08 09:58:37]   ✅ 提取成功，质量分: 95
[2026-03-08 09:58:37] [16/1105] Qiang Wang
[2026-03-08 09:58:37]   📄 使用已有网站内容 (10014 字符)
[2026-03-08 09:58:57]   ✅ 提取成功，质量分: 100
[2026-03-08 09:58:57] [17/1105] Zhenhailong Wang
[2026-03-08 09:58:57]   📄 使用已有网站内容 (6709 字符)
[2026-03-08 09:59:15]   ✅ 提取成功，质量分: 100
[2026-03-08 09:59:16] [18/1105] Chen Gao
[2026-03-08 09:59:16]   📄 使用已有网站内容 (10014 字符)
[2026-03-08 09:59:28]   ✅ 提取成功，质量分: 100
[2026-03-08 09:59:29] [19/1105] Flood Sung
[2026-03-08 09:59:29]   📄 使用已有网站内容 (10014 字符)
[2026-03-08 09:59:38]   ✅ 提取成功，质量分: 79
[2026-03-08 09:59:39] [20/1105] Yang Liu
[2026-03-08 09:59:39]   📄 使用已有网站内容 (4868 字符)
[2026-03-08 09:59:51]   ✅ 提取成功，质量分: 100
[2026-03-08 09:59:52] [21/1105] Yifan Jiang
[2026-03-08 09:59:52]   📄 使用已有网站内容 (10014 字符)
[2026-03-08 10:00:04]   ✅ 提取成功，质量分: 100
[2026-03-08 10:00:05] [22/1105] linzhiqiu
[2026-03-08 10:00:05]   📄 使用已有网站内容 (9650 字符)
[2026-03-08 10:00:16]   ✅ 提取成功，质量分: 100
[2026-03-08 10:00:17] [23/1105] Ken Liu
[2026-03-08 10:00:17]   📄 使用已有网站内容 (10014 字符)
[2026-03-08 10:00:28]   ✅ 提取成功，质量分: 100
[2026-03-08 10:00:28] [24/1105] Kevin
[2026-03-08 10:00:28]   📄 使用已有网站内容 (6906 字符)
[2026-03-08 10:00:41]   ✅ 提取成功，质量分: 100
[2026-03-08 10:00:42] [25/1105] Lei Li
[2026-03-08 10:00:42]   📄 使用已有网站内容 (9758 字符)
[2026-03-08 10:00:57]   ✅ 提取成功，质量分: 100
[2026-03-08 10:00:57] [26/1105] Yu Zhang
[2026-03-08 10:00:57]   📄 使用已有网站内容 (10014 字符)
[2026-03-08 10:01:09]   ✅ 提取成功，质量分: 95
[2026-03-08 10:01:10] [27/1105] Bing Liu
[2026-03-08 10:01:10]   📄 使用已有网站内容 (10014 字符)
[2026-03-08 10:01:23]   ✅ 提取成功，质量分: 100
[2026-03-08 10:01:24] [28/1105] cgraywang
[2026-03-08 10:01:24]   📄 使用已有网站内容 (10014 字符)
[2026-03-08 10:01:42]   ✅ 提取成功，质量分: 100
[2026-03-08 10:01:42] [29/1105] Tianyu Li
[2026-03-08 10:01:42]   📄 使用已有网站内容 (3816 字符)
[2026-03-08 10:01:53]   ✅ 提取成功，质量分: 95
[2026-03-08 10:01:53] [30/1105] Kai Zhang
[2026-03-08 10:01:53]   📄 使用已有网站内容 (2793 字符)
[2026-03-08 10:02:04]   ✅ 提取成功，质量分: 95
[2026-03-08 10:02:04] [31/1105] Moony Chou
[2026-03-08 10:02:04]   📄 使用已有网站内容 (10014 字符)
[2026-03-08 10:02:17]   ✅ 提取成功，质量分: 100
[2026-03-08 10:02:17] [32/1105] Yuxiang Wei
[2026-03-08 10:02:17]   📄 使用已有网站内容 (6225 字符)
[2026-03-08 10:02:27]   ✅ 提取成功，质量分: 97
[2026-03-08 10:02:27] [33/1105] Chenyu
[2026-03-08 10:02:27]   📄 使用已有网站内容 (5483 字符)
[2026-03-08 10:02:43]   ✅ 提取成功，质量分: 100
[2026-03-08 10:02:44] [34/1105] Yi Zhu
[2026-03-08 10:02:44]   📄 使用已有网站内容 (6101 字符)
[2026-03-08 10:02:59]   ✅ 提取成功，质量分: 100
[2026-03-08 10:03:00] [35/1105] Benny
[2026-03-08 10:03:00]   📄 使用已有网站内容 (10014 字符)
[2026-03-08 10:03:15]   ✅ 提取成功，质量分: 100
[2026-03-08 10:03:15] [36/1105] Xiang Wang
[2026-03-08 10:03:15]   📄 使用已有网站内容 (5367 字符)
[2026-03-08 10:03:27]   ✅ 提取成功，质量分: 100
[2026-03-08 10:03:28] [37/1105] Hao Zhang
[2026-03-08 10:03:28]   📄 使用已有网站内容 (4577 字符)
[2026-03-08 10:03:40]   ✅ 提取成功，质量分: 95
[2026-03-08 10:03:41] [38/1105] ✨Data Intelligence Lab@HKU✨
[2026-03-08 10:03:41]   📄 使用已有网站内容 (4088 字符)
[2026-03-08 10:03:50]   ✅ 提取成功，质量分: 75
[2026-03-08 10:03:51] [39/1105] Tao Yu
[2026-03-08 10:03:51]   📄 使用已有网站内容 (10014 字符)
[2026-03-08 10:04:02]   ✅ 提取成功，质量分: 95
[2026-03-08 10:04:02] [40/1105] Mingchen Zhuge
[2026-03-08 10:04:02]   📄 使用已有网站内容 (6540 字符)
[2026-03-08 10:04:12]   ✅ 提取成功，质量分: 95
[2026-03-08 10:04:13] [41/1105] Chujie Zheng
[2026-03-08 10:04:13]   📄 使用已有网站内容 (5445 字符)
[2026-03-08 10:04:23]   ✅ 提取成功，质量分: 95
[2026-03-08 10:04:24] [42/1105] Cheng
[2026-03-08 10:04:24]   📄 使用已有网站内容 (5729 字符)
[2026-03-08 10:04:37]   ✅ 提取成功，质量分: 100
[2026-03-08 10:04:38] [43/1105] Huan Zhang
[2026-03-08 10:04:38]   📄 使用已有网站内容 (10014 字符)
[2026-03-08 10:04:50]   ✅ 提取成功，质量分: 100
[2026-03-08 10:04:50] [44/1105] Ruobing Xie
[2026-03-08 10:04:50]   📄 使用已有网站内容 (10014 字符)
[2026-03-08 10:05:04]   ✅ 提取成功，质量分: 100
[2026-03-08 10:05:05] [45/1105] Songxiang Liu
[2026-03-08 10:05:05]   📄 使用已有网站内容 (8272 字符)
[2026-03-08 10:05:19]   ✅ 提取成功，质量分: 100
[2026-03-08 10:05:20] [46/1105] Wei Huang
[2026-03-08 10:05:20]   📄 使用已有网站内容 (10014 字符)
[2026-03-08 10:05:36]   ✅ 提取成功，质量分: 95
[2026-03-08 10:05:36] [47/1105] None
[2026-03-08 10:05:36]   📄 使用已有网站内容 (8474 字符)
[2026-03-08 10:05:47]   ✅ 提取成功，质量分: 95
[2026-03-08 10:05:47] [48/1105] Yang Yang
[2026-03-08 10:05:47]   📄 使用已有网站内容 (10014 字符)
[2026-03-08 10:05:58]   ✅ 提取成功，质量分: 100
[2026-03-08 10:05:59] [49/1105] Zhihang Zhong
[2026-03-08 10:05:59]   📄 使用已有网站内容 (9487 字符)
[2026-03-08 10:06:13]   ✅ 提取成功，质量分: 100
[2026-03-08 10:06:14] [50/1105] HanshuYAN
[2026-03-08 10:06:14]   📄 使用已有网站内容 (4556 字符)
[2026-03-08 10:06:26]   ✅ 提取成功，质量分: 100
[2026-03-08 10:06:27] [51/1105] Kai Shen(沈锴)
[2026-03-08 10:06:27]   📄 使用已有网站内容 (7353 字符)
[2026-03-08 10:06:41]   ✅ 提取成功，质量分: 100
[2026-03-08 10:06:42] [52/1105] Menghan Xia
[2026-03-08 10:06:42]   📄 使用已有网站内容 (6736 字符)
[2026-03-08 10:06:56]   ✅ 提取成功，质量分: 100
[2026-03-08 10:06:56] [53/1105] Junshu Tang
[2026-03-08 10:06:56]   📄 使用已有网站内容 (5268 字符)
[2026-03-08 10:07:09]   ✅ 提取成功，质量分: 100
[2026-03-08 10:07:09] [54/1105] Qiwei Ye
[2026-03-08 10:07:09]   📄 使用已有网站内容 (8586 字符)
[2026-03-08 10:07:23]   ✅ 提取成功，质量分: 100
[2026-03-08 10:07:24] [55/1105] Qi Wang
[2026-03-08 10:07:24]   📄 使用已有网站内容 (10014 字符)
[2026-03-08 10:07:35]   ✅ 提取成功，质量分: 95
[2026-03-08 10:07:36] [56/1105] Daya Guo
[2026-03-08 10:07:36]   📄 使用已有网站内容 (10014 字符)
[2026-03-08 10:07:48]   ✅ 提取成功，质量分: 100
[2026-03-08 10:07:48] [57/1105] None
[2026-03-08 10:07:48]   📄 使用已有网站内容 (10014 字符)
[2026-03-08 10:07:58]   ✅ 提取成功，质量分: 65
[2026-03-08 10:07:58] [58/1105] Zihan Ding
[2026-03-08 10:07:58]   📄 使用已有网站内容 (10014 字符)
[2026-03-08 10:08:16]   ✅ 提取成功，质量分: 100
[2026-03-08 10:08:17] [59/1105] Long Chen
[2026-03-08 10:08:17]   📄 使用已有网站内容 (4605 字符)
[2026-03-08 10:08:29]   ✅ 提取成功，质量分: 65
[2026-03-08 10:08:29] [60/1105] Kai Han
[2026-03-08 10:08:29]   📄 使用已有网站内容 (10014 字符)
[2026-03-08 10:08:41]   ✅ 提取成功，质量分: 95
[2026-03-08 10:08:42] [61/1105] Jian Wang
[2026-03-08 10:08:42]   📄 使用已有网站内容 (10014 字符)
[2026-03-08 10:08:57]   ✅ 提取成功，质量分: 100
[2026-03-08 10:08:57] [62/1105] lrjconan
[2026-03-08 10:08:57]   📄 使用已有网站内容 (3134 字符)
[2026-03-08 10:09:12]   ✅ 提取成功，质量分: 100
[2026-03-08 10:09:12] [63/1105] Chi Zhang
[2026-03-08 10:09:12]   📄 使用已有网站内容 (8960 字符)
[2026-03-08 10:09:28]   ✅ 提取成功，质量分: 100
[2026-03-08 10:09:29] [64/1105] Chenfei Wu
[2026-03-08 10:09:29]   📄 使用已有网站内容 (9392 字符)
[2026-03-08 10:09:39]   ✅ 提取成功，质量分: 100
[2026-03-08 10:09:40] [65/1105] Chang Liu
[2026-03-08 10:09:40]   📄 使用已有网站内容 (10014 字符)
[2026-03-08 10:09:53]   ✅ 提取成功，质量分: 100
[2026-03-08 10:09:54] [66/1105] Kaipeng Zhang
[2026-03-08 10:09:54]   📄 使用已有网站内容 (10014 字符)
[2026-03-08 10:10:10]   ✅ 提取成功，质量分: 100
[2026-03-08 10:10:11] [67/1105] Bo Zhang
[2026-03-08 10:10:11]   📄 使用已有网站内容 (10014 字符)
[2026-03-08 10:10:22]   ✅ 提取成功，质量分: 97
[2026-03-08 10:10:23] [68/1105] Yu Le
[2026-03-08 10:10:23]   📄 使用已有网站内容 (7021 字符)
[2026-03-08 10:10:35]   ✅ 提取成功，质量分: 100
[2026-03-08 10:10:35] [69/1105] Fusion Lab: Generative Vision Lab of Fudan University
[2026-03-08 10:10:35]   📄 使用已有网站内容 (7263 字符)
[2026-03-08 10:10:50]   ✅ 提取成功，质量分: 100
[2026-03-08 10:10:51] [70/1105] Yang Liu
[2026-03-08 10:10:51]   📄 使用已有网站内容 (9826 字符)
[2026-03-08 10:11:05]   ✅ 提取成功，质量分: 75
[2026-03-08 10:11:05] [71/1105] xmu-xiaoma666
[2026-03-08 10:11:05]   📄 使用已有网站内容 (8878 字符)
[2026-03-08 10:11:17]   ✅ 提取成功，质量分: 100
[2026-03-08 10:11:18] [72/1105] Kun Zhou
[2026-03-08 10:11:18]   📄 使用已有网站内容 (4210 字符)
[2026-03-08 10:11:32]   ✅ 提取成功，质量分: 96
[2026-03-08 10:11:33] [73/1105] None
[2026-03-08 10:11:33]   📄 使用已有网站内容 (9864 字符)
[2026-03-08 10:11:46]   ✅ 提取成功，质量分: 100
[2026-03-08 10:11:47] [74/1105] Hangbo Bao
[2026-03-08 10:11:47]   📄 使用已有网站内容 (4796 字符)
[2026-03-08 10:11:58]   ✅ 提取成功，质量分: 95
[2026-03-08 10:11:58] [75/1105] Chen Wang
[2026-03-08 10:11:58]   📄 使用已有网站内容 (4156 字符)
[2026-03-08 10:12:09]   ✅ 提取成功，质量分: 95
[2026-03-08 10:12:10] [76/1105] Song
[2026-03-08 10:12:10]   📄 使用已有网站内容 (10014 字符)
[2026-03-08 10:12:22]   ✅ 提取成功，质量分: 100
[2026-03-08 10:12:23] [77/1105] Haotian Zhang
[2026-03-08 10:12:23]   📄 使用已有网站内容 (4306 字符)
[2026-03-08 10:12:37]   ✅ 提取成功，质量分: 95
[2026-03-08 10:12:37] [78/1105] Biao Zhang
[2026-03-08 10:12:37]   📄 使用已有网站内容 (5086 字符)
[2026-03-08 10:12:51]   ✅ 提取成功，质量分: 100
[2026-03-08 10:12:51] [79/1105] Chuming Lin
[2026-03-08 10:12:51]   📄 使用已有网站内容 (5273 字符)
[2026-03-08 10:13:05]   ✅ 提取成功，质量分: 100
[2026-03-08 10:13:06] [80/1105] Kilian Weinberger
[2026-03-08 10:13:06]   📄 使用已有网站内容 (10014 字符)
[2026-03-08 10:13:19]   ✅ 提取成功，质量分: 100
[2026-03-08 10:13:20] [81/1105] Men Yifang
[2026-03-08 10:13:20]   📄 使用已有网站内容 (7292 字符)
[2026-03-08 10:13:33]   ✅ 提取成功，质量分: 97
[2026-03-08 10:13:33] [82/1105] Yang Liu
[2026-03-08 10:13:33]   📄 使用已有网站内容 (5408 字符)
[2026-03-08 10:13:48]   ✅ 提取成功，质量分: 100
[2026-03-08 10:13:49] [83/1105] Jiale Xu
[2026-03-08 10:13:49]   📄 使用已有网站内容 (6776 字符)
[2026-03-08 10:14:01]   ✅ 提取成功，质量分: 100
[2026-03-08 10:14:02] [84/1105] Guan'an Wang
[2026-03-08 10:14:02]   📄 使用已有网站内容 (6381 字符)
[2026-03-08 10:14:11]   ✅ 提取成功，质量分: 75
[2026-03-08 10:14:12] [85/1105] Yifan Zhang
[2026-03-08 10:14:12]   📄 使用已有网站内容 (6387 字符)
[2026-03-08 10:14:25]   ✅ 提取成功，质量分: 100
[2026-03-08 10:14:26] [86/1105] Zhenyu Li
[2026-03-08 10:14:26]   📄 使用已有网站内容 (3640 字符)
[2026-03-08 10:14:41]   ✅ 提取成功，质量分: 100
[2026-03-08 10:14:41] [87/1105] Aaron
[2026-03-08 10:14:41]   📄 使用已有网站内容 (3587 字符)
[2026-03-08 10:14:53]   ✅ 提取成功，质量分: 95
[2026-03-08 10:14:54] [88/1105] Ang Li
[2026-03-08 10:14:54]   📄 使用已有网站内容 (10014 字符)
[2026-03-08 10:15:09]   ✅ 提取成功，质量分: 97
[2026-03-08 10:15:09] [89/1105] Han Xiao
[2026-03-08 10:15:09]   📄 使用已有网站内容 (4182 字符)
[2026-03-08 10:15:22]   ✅ 提取成功，质量分: 97
[2026-03-08 10:15:22] [90/1105] He Wang
[2026-03-08 10:15:22]   📄 使用已有网站内容 (10014 字符)
[2026-03-08 10:15:35]   ✅ 提取成功，质量分: 75
[2026-03-08 10:15:35] [91/1105] lg(x)
[2026-03-08 10:15:35]   📄 使用已有网站内容 (3163 字符)
[2026-03-08 10:15:47]   ✅ 提取成功，质量分: 95
[2026-03-08 10:15:48] [92/1105] Lei Li
[2026-03-08 10:15:48]   📄 使用已有网站内容 (10014 字符)
[2026-03-08 10:16:01]   ✅ 提取成功，质量分: 75
[2026-03-08 10:16:01] [93/1105] Chao Ma
[2026-03-08 10:16:01]   📄 使用已有网站内容 (4986 字符)
[2026-03-08 10:16:14]   ✅ 提取成功，质量分: 100
[2026-03-08 10:16:15] [94/1105] Haohan Guo
[2026-03-08 10:16:15]   📄 使用已有网站内容 (5073 字符)
[2026-03-08 10:16:30]   ✅ 提取成功，质量分: 100
[2026-03-08 10:16:31] [95/1105] ziangcao0312
[2026-03-08 10:16:31]   📄 使用已有网站内容 (10014 字符)
[2026-03-08 10:16:42]   ✅ 提取成功，质量分: 95
[2026-03-08 10:16:43] [96/1105] Xin Zhang
[2026-03-08 10:16:43]   📄 使用已有网站内容 (4745 字符)
[2026-03-08 10:16:54]   ✅ 提取成功，质量分: 95
[2026-03-08 10:16:55] [97/1105] Yixin Chen
[2026-03-08 10:16:55]   📄 使用已有网站内容 (9707 字符)
[2026-03-08 10:17:09]   ✅ 提取成功，质量分: 100
[2026-03-08 10:17:10] [98/1105] Yupan Huang
[2026-03-08 10:17:10]   📄 使用已有网站内容 (5660 字符)
[2026-03-08 10:17:25]   ✅ 提取成功，质量分: 100
[2026-03-08 10:17:25] [99/1105] Tao
[2026-03-08 10:17:25]   📄 使用已有网站内容 (10014 字符)
[2026-03-08 10:17:39]   ✅ 提取成功，质量分: 100
[2026-03-08 10:17:39] [100/1105] Jian Xie
[2026-03-08 10:17:39]   📄 使用已有网站内容 (2777 字符)
[2026-03-08 10:17:48]   ✅ 提取成功，质量分: 79
[2026-03-08 10:17:48] [101/1105] Songyang Zhang
[2026-03-08 10:17:48]   📄 使用已有网站内容 (9058 字符)
[2026-03-08 10:17:59]   ✅ 提取成功，质量分: 95
[2026-03-08 10:17:59] [102/1105] Yang Gao
[2026-03-08 10:17:59]   📄 使用已有网站内容 (2229 字符)
[2026-03-08 10:18:11]   ✅ 提取成功，质量分: 91
[2026-03-08 10:18:12] [103/1105] Zhuang Liu
[2026-03-08 10:18:12]   📄 使用已有网站内容 (6474 字符)
[2026-03-08 10:18:19]   ✅ 提取成功，质量分: 63
[2026-03-08 10:18:19] [104/1105] Yuxi Xiao
[2026-03-08 10:18:19]   📄 使用已有网站内容 (4464 字符)
[2026-03-08 10:18:32]   ✅ 提取成功，质量分: 100
[2026-03-08 10:18:32] [105/1105] Weixun Wang
[2026-03-08 10:18:32]   📄 使用已有网站内容 (10014 字符)
[2026-03-08 10:18:43]   ✅ 提取成功，质量分: 100
[2026-03-08 10:18:44] [106/1105] Zhicheng Zhang
[2026-03-08 10:18:44]   📄 使用已有网站内容 (10014 字符)
[2026-03-08 10:18:52]   ✅ 提取成功，质量分: 79
[2026-03-08 10:18:53] [107/1105] Dongfang Li
[2026-03-08 10:18:53]   📄 使用已有网站内容 (7781 字符)
[2026-03-08 10:19:04]   ✅ 提取成功，质量分: 100
[2026-03-08 10:19:04] [108/1105] xiyuanzh
[2026-03-08 10:19:04]   📄 使用已有网站内容 (9173 字符)
[2026-03-08 10:19:16]   ✅ 提取成功，质量分: 100
[2026-03-08 10:19:17] [109/1105] Junliang Ye
[2026-03-08 10:19:17]   📄 使用已有网站内容 (6331 字符)
[2026-03-08 10:19:28]   ✅ 提取成功，质量分: 95
[2026-03-08 10:19:29] [110/1105] Zeqing Wang
[2026-03-08 10:19:29]   📄 使用已有网站内容 (10014 字符)
[2026-03-08 10:19:38]   ✅ 提取成功，质量分: 75
[2026-03-08 10:19:38] [111/1105] Ke Xue
[2026-03-08 10:19:38]   📄 使用已有网站内容 (8461 字符)
[2026-03-08 10:19:49]   ✅ 提取成功，质量分: 99
[2026-03-08 10:19:49] [112/1105] Yongcheng Liu
[2026-03-08 10:19:49]   📄 使用已有网站内容 (3819 字符)
[2026-03-08 10:20:00]   ✅ 提取成功，质量分: 95
[2026-03-08 10:20:00] [113/1105] Zheng Li
[2026-03-08 10:20:00]   📄 使用已有网站内容 (7460 字符)
[2026-03-08 10:20:14]   ✅ 提取成功，质量分: 100
[2026-03-08 10:20:14] [114/1105] Chen Shangyu
[2026-03-08 10:20:14]   📄 使用已有网站内容 (3658 字符)
[2026-03-08 10:20:26]   ✅ 提取成功，质量分: 95
[2026-03-08 10:20:27] [115/1105] Hao Zhang
[2026-03-08 10:20:27]   📄 使用已有网站内容 (10014 字符)
[2026-03-08 10:20:39]   ✅ 提取成功，质量分: 100
[2026-03-08 10:20:40] [116/1105] Hao Li
[2026-03-08 10:20:40]   📄 使用已有网站内容 (6442 字符)
[2026-03-08 10:20:56]   ✅ 提取成功，质量分: 95
[2026-03-08 10:20:56] [117/1105] YONG-XIANG LIN
[2026-03-08 10:20:56]   📄 使用已有网站内容 (3535 字符)
[2026-03-08 10:21:05]   ✅ 提取成功，质量分: 35
[2026-03-08 10:21:06] [118/1105] Yen-Chun Chen
[2026-03-08 10:21:06]   📄 使用已有网站内容 (6310 字符)
[2026-03-08 10:21:14]   ✅ 提取成功，质量分: 69
[2026-03-08 10:21:15] [119/1105] Chong Zhou
[2026-03-08 10:21:15]   📄 使用已有网站内容 (3674 字符)
[2026-03-08 10:21:28]   ✅ 提取成功，质量分: 100
[2026-03-08 10:21:29] [120/1105] Jianing Wang
[2026-03-08 10:21:29]   📄 使用已有网站内容 (3592 字符)
[2026-03-08 10:21:40]   ✅ 提取成功，质量分: 100
[2026-03-08 10:21:41] [121/1105] Hao Zhou
[2026-03-08 10:21:41]   📄 使用已有网站内容 (5445 字符)
[2026-03-08 10:21:53]   ✅ 提取成功，质量分: 75
[2026-03-08 10:21:53] [122/1105] Qintong Li
[2026-03-08 10:21:53]   📄 使用已有网站内容 (7444 字符)
[2026-03-08 10:22:07]   ✅ 提取成功，质量分: 100
[2026-03-08 10:22:07] [123/1105] Kehan Lu
[2026-03-08 10:22:07]   📄 使用已有网站内容 (7527 字符)
[2026-03-08 10:22:18]   ✅ 提取成功，质量分: 95
[2026-03-08 10:22:19] [124/1105] Zhikang Zou
[2026-03-08 10:22:19]   📄 使用已有网站内容 (7020 字符)
[2026-03-08 10:22:30]   ✅ 提取成功，质量分: 100
[2026-03-08 10:22:31] [125/1105] Xinyu Wang
[2026-03-08 10:22:31]   📄 使用已有网站内容 (3508 字符)
[2026-03-08 10:22:44]   ✅ 提取成功，质量分: 99
[2026-03-08 10:22:44] [126/1105] Hao Wang
[2026-03-08 10:22:44]   📄 使用已有网站内容 (4817 字符)
[2026-03-08 10:22:56]   ✅ 提取成功，质量分: 95
[2026-03-08 10:22:56] [127/1105] Yuki Koyama
[2026-03-08 10:22:56]   📄 使用已有网站内容 (10014 字符)
[2026-03-08 10:23:08]   ✅ 提取成功，质量分: 100
[2026-03-08 10:23:08] [128/1105] Yuan Liu
[2026-03-08 10:23:08]   📄 使用已有网站内容 (5681 字符)
[2026-03-08 10:23:21]   ✅ 提取成功，质量分: 100
[2026-03-08 10:23:22] [129/1105] Jialong Wu
[2026-03-08 10:23:22]   📄 使用已有网站内容 (3900 字符)
[2026-03-08 10:23:31]   ✅ 提取成功，质量分: 93
[2026-03-08 10:23:31] [130/1105] FeiiYin
[2026-03-08 10:23:31]   📄 使用已有网站内容 (3329 字符)
[2026-03-08 10:23:42]   ✅ 提取成功，质量分: 95
[2026-03-08 10:23:42] [131/1105] Bhaskar Mitra
[2026-03-08 10:23:42]   📄 使用已有网站内容 (8878 字符)
[2026-03-08 10:23:54]   ✅ 提取成功，质量分: 95
[2026-03-08 10:23:54] [132/1105] Erik Linder-Norén
[2026-03-08 10:23:54]   📄 使用已有网站内容 (10014 字符)
[2026-03-08 10:24:12]   ✅ 提取成功，质量分: 95
[2026-03-08 10:24:12] [133/1105] None
[2026-03-08 10:24:12]   📄 使用已有网站内容 (10014 字符)
[2026-03-08 10:24:14]   ✅ 提取成功，质量分: 0
[2026-03-08 10:24:15] [134/1105] Bin Lin (林彬)
[2026-03-08 10:24:15]   📄 使用已有网站内容 (5653 字符)
[2026-03-08 10:24:25]   ✅ 提取成功，质量分: 85
[2026-03-08 10:24:26] [135/1105] Yixing Lao
[2026-03-08 10:24:26]   📄 使用已有网站内容 (4631 字符)
[2026-03-08 10:24:37]   ✅ 提取成功，质量分: 95
[2026-03-08 10:24:38] [136/1105] Shao Wang
[2026-03-08 10:24:38]   📄 使用已有网站内容 (458 字符)
[2026-03-08 10:24:43]   ✅ 提取成功，质量分: 39
[2026-03-08 10:24:43] [137/1105] Teng Ma
[2026-03-08 10:24:43]   📄 使用已有网站内容 (9983 字符)
[2026-03-08 10:24:56]   ✅ 提取成功，质量分: 97
[2026-03-08 10:24:57] [138/1105] GL Li
[2026-03-08 10:24:57]   📄 使用已有网站内容 (4094 字符)
[2026-03-08 10:25:08]   ✅ 提取成功，质量分: 100
[2026-03-08 10:25:09] [139/1105] Hongge Chen
[2026-03-08 10:25:09]   📄 使用已有网站内容 (5404 字符)
[2026-03-08 10:25:17]   ✅ 提取成功，质量分: 67
[2026-03-08 10:25:17] [140/1105] Haotian Zhang
[2026-03-08 10:25:17]   📄 使用已有网站内容 (5773 字符)
[2026-03-08 10:25:32]   ✅ 提取成功，质量分: 100
[2026-03-08 10:25:32] [141/1105] Yue Su
[2026-03-08 10:25:32]   📄 使用已有网站内容 (4625 字符)
[2026-03-08 10:25:47]   ✅ 提取成功，质量分: 100
[2026-03-08 10:25:47] [142/1105] Ming Liu
[2026-03-08 10:25:47]   📄 使用已有网站内容 (6224 字符)
[2026-03-08 10:25:57]   ✅ 提取成功，质量分: 79
[2026-03-08 10:25:57] [143/1105] Chao Xu
[2026-03-08 10:25:57]   📄 使用已有网站内容 (3177 字符)
[2026-03-08 10:26:08]   ✅ 提取成功，质量分: 79
[2026-03-08 10:26:08] [144/1105] sijieaaa
[2026-03-08 10:26:08]   📄 使用已有网站内容 (5392 字符)
[2026-03-08 10:26:22]   ✅ 提取成功，质量分: 100
[2026-03-08 10:26:22] [145/1105] Xin Huang
[2026-03-08 10:26:22]   📄 使用已有网站内容 (3863 字符)
[2026-03-08 10:26:35]   ✅ 提取成功，质量分: 100
[2026-03-08 10:26:35] [146/1105] Shuai Wang
[2026-03-08 10:26:35]   📄 使用已有网站内容 (2089 字符)
[2026-03-08 10:26:51]   ✅ 提取成功，质量分: 95
[2026-03-08 10:26:52] [147/1105] LI XIN
[2026-03-08 10:26:52]   📄 使用已有网站内容 (4295 字符)
[2026-03-08 10:27:06]   ✅ 提取成功，质量分: 100
[2026-03-08 10:27:06] [148/1105] Yichi Zhang
[2026-03-08 10:27:06]   📄 使用已有网站内容 (7731 字符)
[2026-03-08 10:27:19]   ✅ 提取成功，质量分: 95
[2026-03-08 10:27:19] [149/1105] Torsten Sattler
[2026-03-08 10:27:19]   📄 使用已有网站内容 (6709 字符)
[2026-03-08 10:27:26]   ✅ 提取成功，质量分: 45
[2026-03-08 10:27:27] [150/1105] Purshow
[2026-03-08 10:27:27]   📄 使用已有网站内容 (4744 字符)
[2026-03-08 10:27:35]   ✅ 提取成功，质量分: 95
[2026-03-08 10:27:36] [151/1105] Liyuan Liu
[2026-03-08 10:27:36]   📄 使用已有网站内容 (4620 字符)
[2026-03-08 10:27:47]   ✅ 提取成功，质量分: 100
[2026-03-08 10:27:47] [152/1105] Xiao Liu
[2026-03-08 10:27:47]   📄 使用已有网站内容 (1681 字符)
[2026-03-08 10:27:57]   ✅ 提取成功，质量分: 91
[2026-03-08 10:27:57] [153/1105] Sicheng Xu
[2026-03-08 10:27:57]   📄 使用已有网站内容 (4154 字符)
[2026-03-08 10:28:07]   ✅ 提取成功，质量分: 75
[2026-03-08 10:28:07] [154/1105] Michael
[2026-03-08 10:28:07]   📄 使用已有网站内容 (3158 字符)
[2026-03-08 10:28:20]   ✅ 提取成功，质量分: 100
[2026-03-08 10:28:21] [155/1105] Stanford Machine Learning Group
[2026-03-08 10:28:21]   📄 使用已有网站内容 (7556 字符)
[2026-03-08 10:28:32]   ✅ 提取成功，质量分: 45
[2026-03-08 10:28:33] [156/1105] Yang Yu
[2026-03-08 10:28:33]   📄 使用已有网站内容 (4943 字符)
[2026-03-08 10:28:47]   ✅ 提取成功，质量分: 100
[2026-03-08 10:28:47] [157/1105] Tianqi Zhang (张天启)
[2026-03-08 10:28:47]   📄 使用已有网站内容 (2582 字符)
[2026-03-08 10:29:00]   ✅ 提取成功，质量分: 95
[2026-03-08 10:29:01] [158/1105] Tom Schaul
[2026-03-08 10:29:01]   📄 使用已有网站内容 (3698 字符)
[2026-03-08 10:29:12]   ✅ 提取成功，质量分: 100
[2026-03-08 10:29:13] [159/1105] Kai Zhao
[2026-03-08 10:29:13]   📄 使用已有网站内容 (8842 字符)
[2026-03-08 10:29:27]   ✅ 提取成功，质量分: 100
[2026-03-08 10:29:27] [160/1105] Jie Hu
[2026-03-08 10:29:27]   📄 使用已有网站内容 (4044 字符)
[2026-03-08 10:29:38]   ✅ 提取成功，质量分: 95
[2026-03-08 10:29:38] [161/1105] Li Hao
[2026-03-08 10:29:38]   📄 使用已有网站内容 (5102 字符)
[2026-03-08 10:29:51]   ✅ 提取成功，质量分: 95
[2026-03-08 10:29:51] [162/1105] Guosheng Lin
[2026-03-08 10:29:51]   📄 使用已有网站内容 (3091 字符)
[2026-03-08 10:30:04]   ✅ 提取成功，质量分: 89
[2026-03-08 10:30:05] [163/1105] Zhen Fang
[2026-03-08 10:30:05]   📄 使用已有网站内容 (6036 字符)
[2026-03-08 10:30:14]   ✅ 提取成功，质量分: 65
[2026-03-08 10:30:15] [164/1105] Brendan Gregg
[2026-03-08 10:30:15]   📄 使用已有网站内容 (10014 字符)
[2026-03-08 10:30:25]   ✅ 提取成功，质量分: 65
[2026-03-08 10:30:26] [165/1105] Long Chen
[2026-03-08 10:30:26]   📄 使用已有网站内容 (3746 字符)
[2026-03-08 10:30:38]   ✅ 提取成功，质量分: 100
[2026-03-08 10:30:38] [166/1105] Zhikang Niu-SII
[2026-03-08 10:30:38]   📄 使用已有网站内容 (6030 字符)
[2026-03-08 10:30:51]   ✅ 提取成功，质量分: 100
[2026-03-08 10:30:52] [167/1105] Tao
[2026-03-08 10:30:52]   📄 使用已有网站内容 (3556 字符)
[2026-03-08 10:31:06]   ✅ 提取成功，质量分: 95
[2026-03-08 10:31:06] [168/1105] Huan Li
[2026-03-08 10:31:06]   📄 使用已有网站内容 (10014 字符)
[2026-03-08 10:31:19]   ✅ 提取成功，质量分: 65
[2026-03-08 10:31:19] [169/1105] Yifan Zhao
[2026-03-08 10:31:19]   📄 使用已有网站内容 (3471 字符)
[2026-03-08 10:31:31]   ✅ 提取成功，质量分: 100
[2026-03-08 10:31:31] [170/1105] Fazzie
[2026-03-08 10:31:31]   📄 使用已有网站内容 (6823 字符)
[2026-03-08 10:31:39]   ✅ 提取成功，质量分: 44
[2026-03-08 10:31:40] [171/1105] Jianxin Ma
[2026-03-08 10:31:40]   📄 使用已有网站内容 (5273 字符)
[2026-03-08 10:31:49]   ✅ 提取成功，质量分: 65
[2026-03-08 10:31:50] [172/1105] Andrey Esin
[2026-03-08 10:31:50]   📄 使用已有网站内容 (3109 字符)
[2026-03-08 10:32:00]   ✅ 提取成功，质量分: 55
[2026-03-08 10:32:00] [173/1105] Haojun Jiang (蒋昊峻)
[2026-03-08 10:32:00]   📄 使用已有网站内容 (6071 字符)
[2026-03-08 10:32:12]   ✅ 提取成功，质量分: 75
[2026-03-08 10:32:12] [174/1105] Chengkai Wu
[2026-03-08 10:32:12]   📄 使用已有网站内容 (4797 字符)
[2026-03-08 10:32:25]   ✅ 提取成功，质量分: 100
[2026-03-08 10:32:25] [175/1105] Zhiyi PAN
[2026-03-08 10:32:25]   📄 使用已有网站内容 (10014 字符)
[2026-03-08 10:32:38]   ✅ 提取成功，质量分: 95
[2026-03-08 10:32:38] [176/1105] Qian
[2026-03-08 10:32:38]   📄 使用已有网站内容 (5555 字符)
[2026-03-08 10:32:49]   ✅ 提取成功，质量分: 95
[2026-03-08 10:32:50] [177/1105] Shenghai Yuan
[2026-03-08 10:32:50]   📄 使用已有网站内容 (4463 字符)
[2026-03-08 10:33:00]   ✅ 提取成功，质量分: 95
[2026-03-08 10:33:01] [178/1105] Jun Zhang
[2026-03-08 10:33:01]   📄 使用已有网站内容 (1878 字符)
[2026-03-08 10:33:10]   ✅ 提取成功，质量分: 95
[2026-03-08 10:33:11] [179/1105] Jay Freeman (saurik)
[2026-03-08 10:33:11]   📄 使用已有网站内容 (3229 字符)
[2026-03-08 10:33:20]   ✅ 提取成功，质量分: 75
[2026-03-08 10:33:21] [180/1105] Jon Gauthier
[2026-03-08 10:33:21]   📄 使用已有网站内容 (10014 字符)
[2026-03-08 10:33:32]   ✅ 提取成功，质量分: 97
[2026-03-08 10:33:32] [181/1105] Pete Florence
[2026-03-08 10:33:32]   📄 使用已有网站内容 (10014 字符)
[2026-03-08 10:33:44]   ✅ 提取成功，质量分: 100
[2026-03-08 10:33:45] [182/1105] Wei Liu
[2026-03-08 10:33:45]   📄 使用已有网站内容 (5274 字符)
[2026-03-08 10:33:58]   ✅ 提取成功，质量分: 100
[2026-03-08 10:33:59] [183/1105] zkjiang
[2026-03-08 10:33:59]   📄 使用已有网站内容 (3195 字符)
[2026-03-08 10:34:08]   ✅ 提取成功，质量分: 65
[2026-03-08 10:34:08] [184/1105] Amazon Science
[2026-03-08 10:34:08]   📄 使用已有网站内容 (10014 字符)
[2026-03-08 10:34:18]   ✅ 提取成功，质量分: 34
[2026-03-08 10:34:19] [185/1105] Shuchang Tao
[2026-03-08 10:34:19]   📄 使用已有网站内容 (3658 字符)
[2026-03-08 10:34:28]   ✅ 提取成功，质量分: 95
[2026-03-08 10:34:29] [186/1105] Mingshuang Luo
[2026-03-08 10:34:29]   📄 使用已有网站内容 (4583 字符)
[2026-03-08 10:34:41]   ✅ 提取成功，质量分: 95
[2026-03-08 10:34:41] [187/1105] yuqs
[2026-03-08 10:34:41]   📄 使用已有网站内容 (5240 字符)
[2026-03-08 10:34:50]   ✅ 提取成功，质量分: 65
[2026-03-08 10:34:50] [188/1105] Yang Yue (乐阳)
[2026-03-08 10:34:50]   📄 使用已有网站内容 (4669 字符)
[2026-03-08 10:35:01]   ✅ 提取成功，质量分: 79
[2026-03-08 10:35:01] [189/1105] Heather Miller
[2026-03-08 10:35:01]   📄 使用已有网站内容 (6401 字符)
[2026-03-08 10:35:12]   ✅ 提取成功，质量分: 75
[2026-03-08 10:35:13] [190/1105] Rui Xu
[2026-03-08 10:35:13]   📄 使用已有网站内容 (3726 字符)
[2026-03-08 10:35:23]   ✅ 提取成功，质量分: 100
[2026-03-08 10:35:23] [191/1105] Allen Downey
[2026-03-08 10:35:23]   📄 使用已有网站内容 (1306 字符)
[2026-03-08 10:35:35]   ✅ 提取成功，质量分: 85
[2026-03-08 10:35:35] [192/1105] Yifan Yang
[2026-03-08 10:35:35]   📄 使用已有网站内容 (3856 字符)
[2026-03-08 10:35:49]   ✅ 提取成功，质量分: 100
[2026-03-08 10:35:50] [193/1105] Yao Fu
[2026-03-08 10:35:50]   📄 使用已有网站内容 (2870 字符)
[2026-03-08 10:35:59]   ✅ 提取成功，质量分: 95
[2026-03-08 10:35:59] [194/1105] Ziyi Yan
[2026-03-08 10:35:59]   📄 使用已有网站内容 (1554 字符)
[2026-03-08 10:36:13]   ✅ 提取成功，质量分: 95
[2026-03-08 10:36:14] [195/1105] Karthik Ram
[2026-03-08 10:36:14]   📄 使用已有网站内容 (3366 字符)
[2026-03-08 10:36:24]   ✅ 提取成功，质量分: 95
[2026-03-08 10:36:24] [196/1105] Liang Wang
[2026-03-08 10:36:24]   📄 使用已有网站内容 (587 字符)
[2026-03-08 10:36:31]   ✅ 提取成功，质量分: 59
[2026-03-08 10:36:32] [197/1105] Yanpei Cao
[2026-03-08 10:36:32]   📄 使用已有网站内容 (956 字符)
[2026-03-08 10:36:43]   ✅ 提取成功，质量分: 65
[2026-03-08 10:36:43] [198/1105] Tao Yu
[2026-03-08 10:36:43]   📄 使用已有网站内容 (1723 字符)
[2026-03-08 10:36:53]   ✅ 提取成功，质量分: 91
[2026-03-08 10:36:54] [199/1105] Dong, Zilong
[2026-03-08 10:36:54]   📄 使用已有网站内容 (5777 字符)
[2026-03-08 10:37:05]   ✅ 提取成功，质量分: 65
[2026-03-08 10:37:05] [200/1105] Yixing Here
[2026-03-08 10:37:05]   📄 使用已有网站内容 (2746 字符)
[2026-03-08 10:37:15]   ✅ 提取成功，质量分: 75
[2026-03-08 10:37:15] [201/1105] Haoran Wang
[2026-03-08 10:37:15]   📄 使用已有网站内容 (719 字符)
[2026-03-08 10:37:22]   ✅ 提取成功，质量分: 79
[2026-03-08 10:37:23] [202/1105] vbalnt
[2026-03-08 10:37:23]   📄 使用已有网站内容 (468 字符)
[2026-03-08 10:37:29]   ✅ 提取成功，质量分: 67
[2026-03-08 10:37:30] [203/1105] Jason Lee
[2026-03-08 10:37:30]   📄 使用已有网站内容 (997 字符)
[2026-03-08 10:37:39]   ✅ 提取成功，质量分: 91
[2026-03-08 10:37:40] [204/1105] Jun Hu
[2026-03-08 10:37:40]   📄 使用已有网站内容 (7155 字符)
[2026-03-08 10:37:49]   ✅ 提取成功，质量分: 35
[2026-03-08 10:37:50] [205/1105] None
[2026-03-08 10:37:50]   📄 使用已有网站内容 (4447 字符)
[2026-03-08 10:38:01]   ✅ 提取成功，质量分: 95
[2026-03-08 10:38:02] [206/1105] Kun Xu
[2026-03-08 10:38:02]   📄 使用已有网站内容 (10014 字符)
[2026-03-08 10:38:13]   ✅ 提取成功，质量分: 100
[2026-03-08 10:38:14] [207/1105] bthirion
[2026-03-08 10:38:14]   📄 使用已有网站内容 (9420 字符)
[2026-03-08 10:38:25]   ✅ 提取成功，质量分: 85
[2026-03-08 10:38:26] [208/1105] Danlu Chen
[2026-03-08 10:38:26]   📄 使用已有网站内容 (2879 字符)
[2026-03-08 10:38:36]   ✅ 提取成功，质量分: 95
[2026-03-08 10:38:36] [209/1105] Jacob
[2026-03-08 10:38:36]   📄 使用已有网站内容 (3597 字符)
[2026-03-08 10:38:48]   ✅ 提取成功，质量分: 98
[2026-03-08 10:38:49] [210/1105] Rui Chen
[2026-03-08 10:38:49]   📄 使用已有网站内容 (1466 字符)
[2026-03-08 10:38:57]   ✅ 提取成功，质量分: 95
[2026-03-08 10:38:57] [211/1105] Zijun Deng
[2026-03-08 10:38:57]   📄 使用已有网站内容 (2829 字符)
[2026-03-08 10:39:06]   ✅ 提取成功，质量分: 95
[2026-03-08 10:39:07] [212/1105] Yann N. Dauphin
[2026-03-08 10:39:07]   📄 使用已有网站内容 (2932 字符)
[2026-03-08 10:39:16]   ✅ 提取成功，质量分: 100
[2026-03-08 10:39:16] [213/1105] Tianyi Zhou
[2026-03-08 10:39:16]   📄 使用已有网站内容 (7061 字符)
[2026-03-08 10:39:24]   ✅ 提取成功，质量分: 45
[2026-03-08 10:39:25] [214/1105] Yifei Li
[2026-03-08 10:39:25]   📄 使用已有网站内容 (1526 字符)
[2026-03-08 10:39:35]   ✅ 提取成功，质量分: 95
[2026-03-08 10:39:35] [215/1105] Alex Wang
[2026-03-08 10:39:35]   📄 使用已有网站内容 (5283 字符)
[2026-03-08 10:39:45]   ✅ 提取成功，质量分: 100
[2026-03-08 10:39:46] [216/1105] Jingkai Zhou
[2026-03-08 10:39:46]   📄 使用已有网站内容 (2249 字符)
[2026-03-08 10:39:56]   ✅ 提取成功，质量分: 95
[2026-03-08 10:39:56] [217/1105] Yiming Wang
[2026-03-08 10:39:56]   📄 使用已有网站内容 (3305 字符)
[2026-03-08 10:40:06]   ✅ 提取成功，质量分: 100
[2026-03-08 10:40:07] [218/1105] Yang Kaiyong
[2026-03-08 10:40:07]   📄 使用已有网站内容 (6451 字符)
[2026-03-08 10:40:16]   ✅ 提取成功，质量分: 45
[2026-03-08 10:40:17] [219/1105] Beijia Lu
[2026-03-08 10:40:17]   📄 使用已有网站内容 (2907 字符)
[2026-03-08 10:40:27]   ✅ 提取成功，质量分: 95
[2026-03-08 10:40:28] [220/1105] hardmaru
[2026-03-08 10:40:28]   📄 使用已有网站内容 (10014 字符)
[2026-03-08 10:40:36]   ✅ 提取成功，质量分: 45
[2026-03-08 10:40:36] [221/1105] Jiarui Fang（方佳瑞）
[2026-03-08 10:40:36]   📄 使用已有网站内容 (2515 字符)
[2026-03-08 10:40:49]   ✅ 提取成功，质量分: 95
[2026-03-08 10:40:50] [222/1105] Tencent
[2026-03-08 10:40:50]   📄 使用已有网站内容 (976 字符)
[2026-03-08 10:40:56]   ✅ 提取成功，质量分: 47
[2026-03-08 10:40:57] [223/1105] Siyuan Qiao
[2026-03-08 10:40:57]   📄 使用已有网站内容 (5830 字符)
[2026-03-08 10:41:07]   ✅ 提取成功，质量分: 75
[2026-03-08 10:41:07] [224/1105] Jiang Shibiao
[2026-03-08 10:41:07]   📄 使用已有网站内容 (2442 字符)
[2026-03-08 10:41:15]   ✅ 提取成功，质量分: 47
[2026-03-08 10:41:16] [225/1105] Yujie Zhou
[2026-03-08 10:41:16]   📄 使用已有网站内容 (4031 字符)
[2026-03-08 10:41:24]   ✅ 提取成功，质量分: 65
[2026-03-08 10:41:24] [226/1105] Joseph Misiti
[2026-03-08 10:41:24]   📄 使用已有网站内容 (5023 字符)
[2026-03-08 10:41:36]   ✅ 提取成功，质量分: 35
[2026-03-08 10:41:36] [227/1105] Chenxi Wang
[2026-03-08 10:41:36]   📄 使用已有网站内容 (10014 字符)
[2026-03-08 10:41:50]   ✅ 提取成功，质量分: 100
[2026-03-08 10:41:51] [228/1105] None
[2026-03-08 10:41:51]   📄 使用已有网站内容 (1240 字符)
[2026-03-08 10:42:00]   ✅ 提取成功，质量分: 65
[2026-03-08 10:42:00] [229/1105] Jun
[2026-03-08 10:42:00]   📄 使用已有网站内容 (6136 字符)
[2026-03-08 10:42:11]   ✅ 提取成功，质量分: 85
[2026-03-08 10:42:12] [230/1105] Matt Keeter
[2026-03-08 10:42:12]   📄 使用已有网站内容 (181 字符)
[2026-03-08 10:42:13]   ✅ 提取成功，质量分: 0
[2026-03-08 10:42:14] [231/1105] 鹤翔万里
[2026-03-08 10:42:14]   📥 重新爬取网站内容成功 (99 字符)
[2026-03-08 10:42:16]   ✅ 提取成功，质量分: 0
[2026-03-08 10:42:16] [232/1105] Yang Yuhao
[2026-03-08 10:42:16]   📄 使用已有网站内容 (1504 字符)
[2026-03-08 10:42:27]   ✅ 提取成功，质量分: 59
[2026-03-08 10:42:27] [233/1105] Roger
[2026-03-08 10:42:27]   📄 使用已有网站内容 (2089 字符)
[2026-03-08 10:42:34]   ✅ 提取成功，质量分: 65
[2026-03-08 10:42:35] [234/1105] Xingyu Chen
[2026-03-08 10:42:35]   📄 使用已有网站内容 (4581 字符)
[2026-03-08 10:42:46]   ✅ 提取成功，质量分: 100
[2026-03-08 10:42:47] [235/1105] Jie Zhou
[2026-03-08 10:42:47]   📄 使用已有网站内容 (1235 字符)
[2026-03-08 10:42:54]   ✅ 提取成功，质量分: 79
[2026-03-08 10:42:55] [236/1105] Hongzhou Zhu
[2026-03-08 10:42:55]   📄 使用已有网站内容 (2333 字符)
[2026-03-08 10:43:02]   ✅ 提取成功，质量分: 79
[2026-03-08 10:43:02] [237/1105] ZJUKG
[2026-03-08 10:43:02]   📄 使用已有网站内容 (6460 字符)
[2026-03-08 10:43:15]   ✅ 提取成功，质量分: 75
[2026-03-08 10:43:16] [238/1105] ZJUCVG
[2026-03-08 10:43:16]   📄 使用已有网站内容 (4301 字符)
[2026-03-08 10:43:26]   ✅ 提取成功，质量分: 57
[2026-03-08 10:43:27] [239/1105] Cheng
[2026-03-08 10:43:27]   📄 使用已有网站内容 (4727 字符)
[2026-03-08 10:43:38]   ✅ 提取成功，质量分: 100
[2026-03-08 10:43:39] [240/1105] Chenyang Shi
[2026-03-08 10:43:39]   📄 使用已有网站内容 (3147 字符)
[2026-03-08 10:43:49]   ✅ 提取成功，质量分: 65
[2026-03-08 10:43:50] [241/1105] Zhizhou Sha
[2026-03-08 10:43:50]   📄 使用已有网站内容 (1095 字符)
[2026-03-08 10:43:57]   ✅ 提取成功，质量分: 62
[2026-03-08 10:43:58] [242/1105] 曹烨 (Cao Ye)
[2026-03-08 10:43:58]   📄 使用已有网站内容 (3639 字符)
[2026-03-08 10:43:59]   ✅ 提取成功，质量分: 0
[2026-03-08 10:44:00] [243/1105] 赵晨阳
[2026-03-08 10:44:00]   📄 使用已有网站内容 (1939 字符)
[2026-03-08 10:44:12]   ✅ 提取成功，质量分: 95
[2026-03-08 10:44:12] [244/1105] Chong Mou
[2026-03-08 10:44:12]   📄 使用已有网站内容 (5254 字符)
[2026-03-08 10:44:22]   ✅ 提取成功，质量分: 79
[2026-03-08 10:44:23] [245/1105] Yuekai Zhang
[2026-03-08 10:44:23]   📄 使用已有网站内容 (3738 字符)
[2026-03-08 10:44:32]   ✅ 提取成功，质量分: 65
[2026-03-08 10:44:33] [246/1105] Tianyu Guo
[2026-03-08 10:44:33]   📄 使用已有网站内容 (4637 字符)
[2026-03-08 10:44:46]   ✅ 提取成功，质量分: 100
[2026-03-08 10:44:46] [247/1105] Jun Chen
[2026-03-08 10:44:46]   📄 使用已有网站内容 (1378 字符)
[2026-03-08 10:44:56]   ✅ 提取成功，质量分: 95
[2026-03-08 10:44:57] [248/1105] Bin Chen
[2026-03-08 10:44:57]   📄 使用已有网站内容 (6760 字符)
[2026-03-08 10:45:07]   ✅ 提取成功，质量分: 95
[2026-03-08 10:45:07] [249/1105] Jiahui Zhang
[2026-03-08 10:45:07]   📄 使用已有网站内容 (3961 字符)
[2026-03-08 10:45:17]   ✅ 提取成功，质量分: 65
[2026-03-08 10:45:17] [250/1105] Tho Nguyen
[2026-03-08 10:45:17]   📄 使用已有网站内容 (6968 字符)
[2026-03-08 10:45:24]   ✅ 提取成功，质量分: 69
[2026-03-08 10:45:25] [251/1105] Jingwen Guo
[2026-03-08 10:45:25]   📄 使用已有网站内容 (3652 字符)
[2026-03-08 10:45:34]   ✅ 提取成功，质量分: 79
[2026-03-08 10:45:34] [252/1105] Asklv
[2026-03-08 10:45:34]   📄 使用已有网站内容 (1818 字符)
[2026-03-08 10:45:43]   ✅ 提取成功，质量分: 77
[2026-03-08 10:45:43] [253/1105] Liang Wu
[2026-03-08 10:45:43]   📄 使用已有网站内容 (2691 字符)
[2026-03-08 10:45:51]   ✅ 提取成功，质量分: 75
[2026-03-08 10:45:51] [254/1105] miniKanren.org
[2026-03-08 10:45:51]   📄 使用已有网站内容 (10014 字符)
[2026-03-08 10:46:02]   ✅ 提取成功，质量分: 34
[2026-03-08 10:46:03] [255/1105] Adam Yala
[2026-03-08 10:46:03]   📄 使用已有网站内容 (3210 字符)
[2026-03-08 10:46:13]   ✅ 提取成功，质量分: 95
[2026-03-08 10:46:14] [256/1105] Pengtao Chen
[2026-03-08 10:46:14]   📄 使用已有网站内容 (4031 字符)
[2026-03-08 10:46:23]   ✅ 提取成功，质量分: 95
[2026-03-08 10:46:24] [257/1105] Alec Radford
[2026-03-08 10:46:24]   📄 使用已有网站内容 (285 字符)
[2026-03-08 10:46:28]   ✅ 提取成功，质量分: 25
[2026-03-08 10:46:28] [258/1105] 依云
[2026-03-08 10:46:28]   📄 使用已有网站内容 (10014 字符)
[2026-03-08 10:46:40]   ✅ 提取成功，质量分: 35
[2026-03-08 10:46:40] [259/1105] David Heinemeier Hansson
[2026-03-08 10:46:40]   📄 使用已有网站内容 (5084 字符)
[2026-03-08 10:46:52]   ✅ 提取成功，质量分: 61
[2026-03-08 10:46:52] [260/1105] Andy Matuschak
[2026-03-08 10:46:52]   📄 使用已有网站内容 (9922 字符)
[2026-03-08 10:47:02]   ✅ 提取成功，质量分: 75
[2026-03-08 10:47:02] [261/1105] Michael Fogleman
[2026-03-08 10:47:02]   📄 使用已有网站内容 (10014 字符)
[2026-03-08 10:47:12]   ✅ 提取成功，质量分: 35
[2026-03-08 10:47:12] [262/1105] Ziming Liu
[2026-03-08 10:47:12]   📄 使用已有网站内容 (3488 字符)
[2026-03-08 10:47:25]   ✅ 提取成功，质量分: 100
[2026-03-08 10:47:25] [263/1105] Yuhao Dong
[2026-03-08 10:47:25]   📄 使用已有网站内容 (6030 字符)
[2026-03-08 10:47:36]   ✅ 提取成功，质量分: 85
[2026-03-08 10:47:37] [264/1105] Liu Jiashuo
[2026-03-08 10:47:37]   📄 使用已有网站内容 (2863 字符)
[2026-03-08 10:47:48]   ✅ 提取成功，质量分: 95
[2026-03-08 10:47:49] [265/1105] Chao Xu
[2026-03-08 10:47:49]   📄 使用已有网站内容 (10014 字符)
[2026-03-08 10:47:59]   ✅ 提取成功，质量分: 75
[2026-03-08 10:48:00] [266/1105] Zheng Yuan
[2026-03-08 10:48:00]   📄 使用已有网站内容 (10014 字符)
[2026-03-08 10:48:07]   ✅ 提取成功，质量分: 55
[2026-03-08 10:48:08] [267/1105] OpenDriveLab
[2026-03-08 10:48:08]   📄 使用已有网站内容 (3849 字符)
[2026-03-08 10:48:17]   ✅ 提取成功，质量分: 65
[2026-03-08 10:48:17] [268/1105] Geoffrey Grosenbach
[2026-03-08 10:48:17]   📄 使用已有网站内容 (2047 字符)
[2026-03-08 10:48:27]   ✅ 提取成功，质量分: 65
[2026-03-08 10:48:28] [269/1105] Yangzihao Wang
[2026-03-08 10:48:28]   📄 使用已有网站内容 (8606 字符)
[2026-03-08 10:48:43]   ✅ 提取成功，质量分: 100
[2026-03-08 10:48:43] [270/1105] Jinhyuk Lee
[2026-03-08 10:48:44]   📥 重新爬取网站内容成功 (81 字符)
[2026-03-08 10:48:48]   ✅ 提取成功，质量分: 25
[2026-03-08 10:48:48] [271/1105] Jiang Xin
[2026-03-08 10:48:48]   📄 使用已有网站内容 (10014 字符)
[2026-03-08 10:48:55]   ✅ 提取成功，质量分: 39
[2026-03-08 10:48:55] [272/1105] Hengfeng Wei (魏恒峰)
[2026-03-08 10:48:55]   📄 使用已有网站内容 (5339 字符)
[2026-03-08 10:49:05]   ✅ 提取成功，质量分: 95
[2026-03-08 10:49:06] [273/1105] Bryan O'Sullivan
[2026-03-08 10:49:06]   📄 使用已有网站内容 (6890 字符)
[2026-03-08 10:49:19]   ✅ 提取成功，质量分: 75
[2026-03-08 10:49:19] [274/1105] Haosheng Zou (邹昊晟)
[2026-03-08 10:49:19]   📄 使用已有网站内容 (2921 字符)
[2026-03-08 10:49:28]   ✅ 提取成功，质量分: 79
[2026-03-08 10:49:29] [275/1105] Tianyu Liu
[2026-03-08 10:49:29]   📄 使用已有网站内容 (972 字符)
[2026-03-08 10:49:35]   ✅ 提取成功，质量分: 79
[2026-03-08 10:49:35] [276/1105] Arnout Kazemier
[2026-03-08 10:49:35]   📄 使用已有网站内容 (10014 字符)
[2026-03-08 10:49:46]   ✅ 提取成功，质量分: 65
[2026-03-08 10:49:46] [277/1105] Shirley Wu
[2026-03-08 10:49:46]   📄 使用已有网站内容 (336 字符)
[2026-03-08 10:49:50]   ✅ 提取成功，质量分: 0
[2026-03-08 10:49:50] [278/1105] Brian "Beej Jorgensen" Hall 
[2026-03-08 10:49:50]   📄 使用已有网站内容 (831 字符)
[2026-03-08 10:49:58]   ✅ 提取成功，质量分: 31
[2026-03-08 10:49:58] [279/1105] Julien Danjou
[2026-03-08 10:49:58]   📄 使用已有网站内容 (1764 字符)
[2026-03-08 10:50:03]   ✅ 提取成功，质量分: 31
[2026-03-08 10:50:04] [280/1105] Una Kravets
[2026-03-08 10:50:04]   📄 使用已有网站内容 (1155 字符)
[2026-03-08 10:50:09]   ✅ 提取成功，质量分: 31
[2026-03-08 10:50:09] [281/1105] Charlie Cheng-Jie Ji
[2026-03-08 10:50:09]   📄 使用已有网站内容 (2330 字符)
[2026-03-08 10:50:18]   ✅ 提取成功，质量分: 79
[2026-03-08 10:50:19] [282/1105] Zijian Zhang
[2026-03-08 10:50:19]   📄 使用已有网站内容 (723 字符)
[2026-03-08 10:50:27]   ✅ 提取成功，质量分: 94
[2026-03-08 10:50:27] [283/1105] NLP Group at Fudan University
[2026-03-08 10:50:27]   📄 使用已有网站内容 (608 字符)
[2026-03-08 10:50:35]   ✅ 提取成功，质量分: 69
[2026-03-08 10:50:36] [284/1105] codeskyblue
[2026-03-08 10:50:36]   📄 使用已有网站内容 (10014 字符)
[2026-03-08 10:50:43]   ✅ 提取成功，质量分: 36
[2026-03-08 10:50:43] [285/1105] Dhaval Kapil
[2026-03-08 10:50:45]   📥 重新爬取网站内容成功 (89 字符)
[2026-03-08 10:50:48]   ✅ 提取成功，质量分: 0
[2026-03-08 10:50:48] [286/1105] Shichao Yang
[2026-03-08 10:50:48]   📄 使用已有网站内容 (2627 字符)
[2026-03-08 10:50:58]   ✅ 提取成功，质量分: 95
[2026-03-08 10:50:58] [287/1105] Hayeong
[2026-03-08 10:50:58]   📄 使用已有网站内容 (3043 字符)
[2026-03-08 10:51:09]   ✅ 提取成功，质量分: 65
[2026-03-08 10:51:09] [288/1105] Beiwen Tian
[2026-03-08 10:51:09]   📄 使用已有网站内容 (4565 字符)
[2026-03-08 10:51:20]   ✅ 提取成功，质量分: 89
[2026-03-08 10:51:20] [289/1105] Vladimir Mihailenco
[2026-03-08 10:51:20]   📄 使用已有网站内容 (6507 字符)
[2026-03-08 10:51:26]   ✅ 提取成功，质量分: 34
[2026-03-08 10:51:27] [290/1105] sylefeb
[2026-03-08 10:51:27]   📄 使用已有网站内容 (10014 字符)
[2026-03-08 10:51:42]   ✅ 提取成功，质量分: 100
[2026-03-08 10:51:42] [291/1105] Shivam Bansal
[2026-03-08 10:51:42]   📄 使用已有网站内容 (10014 字符)
[2026-03-08 10:51:51]   ✅ 提取成功，质量分: 45
[2026-03-08 10:51:51] [292/1105] None
[2026-03-08 10:51:51]   📄 使用已有网站内容 (1170 字符)
[2026-03-08 10:52:01]   ✅ 提取成功，质量分: 79
[2026-03-08 10:52:02] [293/1105] Ayush Singh
[2026-03-08 10:52:03]   📥 重新爬取网站内容成功 (59 字符)
[2026-03-08 10:52:06]   ✅ 提取成功，质量分: 0
[2026-03-08 10:52:07] [294/1105] ZHONG ZILONG
[2026-03-08 10:52:07]   📄 使用已有网站内容 (6743 字符)
[2026-03-08 10:52:17]   ✅ 提取成功，质量分: 79
[2026-03-08 10:52:18] [295/1105] jan-matthis
[2026-03-08 10:52:20]   📥 重新爬取网站内容成功 (41 字符)
[2026-03-08 10:52:22]   ✅ 提取成功，质量分: 0
[2026-03-08 10:52:22] [296/1105] Damon Clinkscales
[2026-03-08 10:52:22]   📄 使用已有网站内容 (120 字符)
[2026-03-08 10:52:26]   ✅ 提取成功，质量分: 25
[2026-03-08 10:52:27] [297/1105] Irene Ros
[2026-03-08 10:52:27]   📄 使用已有网站内容 (1232 字符)
[2026-03-08 10:52:34]   ✅ 提取成功，质量分: 65
[2026-03-08 10:52:34] [298/1105] Rex
[2026-03-08 10:52:34]   📄 使用已有网站内容 (2793 字符)
[2026-03-08 10:52:46]   ✅ 提取成功，质量分: 75
[2026-03-08 10:52:47] [299/1105] Joe Zou
[2026-03-08 10:52:47]   📄 使用已有网站内容 (501 字符)
[2026-03-08 10:52:51]   ✅ 提取成功，质量分: 24
[2026-03-08 10:52:52] [300/1105] Jia Chen
[2026-03-08 10:52:52]   📄 使用已有网站内容 (674 字符)
[2026-03-08 10:52:58]   ✅ 提取成功，质量分: 71
[2026-03-08 10:52:58] [301/1105] Ming Zhang
[2026-03-08 10:52:58]   📄 使用已有网站内容 (7608 字符)
[2026-03-08 10:53:10]   ✅ 提取成功，质量分: 100
[2026-03-08 10:53:11] [302/1105] Guangya Liu
[2026-03-08 10:53:11]   📄 使用已有网站内容 (5400 字符)
[2026-03-08 10:53:22]   ✅ 提取成功，质量分: 34
[2026-03-08 10:53:22] [303/1105] Boyu Li
[2026-03-08 10:53:22]   📄 使用已有网站内容 (3287 字符)
[2026-03-08 10:53:32]   ✅ 提取成功，质量分: 95
[2026-03-08 10:53:33] [304/1105] Andy Zhang
[2026-03-08 10:53:33]   📄 使用已有网站内容 (504 字符)
[2026-03-08 10:53:42]   ✅ 提取成功，质量分: 79
[2026-03-08 10:53:42] [305/1105] Hao Li(李昊)
[2026-03-08 10:53:42]   📄 使用已有网站内容 (3778 字符)
[2026-03-08 10:53:52]   ✅ 提取成功，质量分: 75
[2026-03-08 10:53:52] [306/1105] Feng
[2026-03-08 10:53:52]   📄 使用已有网站内容 (3536 字符)
[2026-03-08 10:54:02]   ✅ 提取成功，质量分: 100
[2026-03-08 10:54:02] [307/1105] Yuexuan Zhang
[2026-03-08 10:54:02]   📄 使用已有网站内容 (1661 字符)
[2026-03-08 10:54:08]   ✅ 提取成功，质量分: 30
[2026-03-08 10:54:09] [308/1105] Shi Yihao
[2026-03-08 10:54:09]   📄 使用已有网站内容 (3192 字符)
[2026-03-08 10:54:18]   ✅ 提取成功，质量分: 95
[2026-03-08 10:54:19] [309/1105] 顾宇浩
[2026-03-08 10:54:19]   📄 使用已有网站内容 (2713 字符)
[2026-03-08 10:54:29]   ✅ 提取成功，质量分: 63
[2026-03-08 10:54:29] [310/1105] Li Hao
[2026-03-08 10:54:29]   📄 使用已有网站内容 (6958 字符)
[2026-03-08 10:54:36]   ✅ 提取成功，质量分: 34
[2026-03-08 10:54:36] [311/1105] Zixuan Liu
[2026-03-08 10:54:36]   📄 使用已有网站内容 (870 字符)
[2026-03-08 10:54:45]   ✅ 提取成功，质量分: 75
[2026-03-08 10:54:46] [312/1105] undefined
[2026-03-08 10:54:46]   📄 使用已有网站内容 (6203 字符)
[2026-03-08 10:54:54]   ✅ 提取成功，质量分: 85
[2026-03-08 10:54:55] [313/1105] 明城
[2026-03-08 10:54:55]   📄 使用已有网站内容 (5951 字符)
[2026-03-08 10:55:03]   ✅ 提取成功，质量分: 34
[2026-03-08 10:55:03] [314/1105] Saúl Ibarra Corretgé
[2026-03-08 10:55:03]   📄 使用已有网站内容 (147 字符)
[2026-03-08 10:55:07]   ✅ 提取成功，质量分: 0
[2026-03-08 10:55:07] [315/1105] Kent Beck
[2026-03-08 10:55:07]   📄 使用已有网站内容 (8246 字符)
[2026-03-08 10:55:17]   ✅ 提取成功，质量分: 45
[2026-03-08 10:55:17] [316/1105] UT Systems and Storage Lab
[2026-03-08 10:55:17]   📄 使用已有网站内容 (4030 字符)
[2026-03-08 10:55:25]   ✅ 提取成功，质量分: 67
[2026-03-08 10:55:26] [317/1105] Chen Wang
[2026-03-08 10:55:26]   📄 使用已有网站内容 (4797 字符)
[2026-03-08 10:55:41]   ✅ 提取成功，质量分: 99
[2026-03-08 10:55:42] [318/1105] Aleksei Bochkovskii
[2026-03-08 10:55:42]   📄 使用已有网站内容 (3289 字符)
[2026-03-08 10:55:50]   ✅ 提取成功，质量分: 69
[2026-03-08 10:55:51] [319/1105] Yang An
[2026-03-08 10:55:51]   📄 使用已有网站内容 (5023 字符)
[2026-03-08 10:56:00]   ✅ 提取成功，质量分: 75
[2026-03-08 10:56:01] [320/1105] None
[2026-03-08 10:56:01]   📄 使用已有网站内容 (6164 字符)
[2026-03-08 10:56:11]   ✅ 提取成功，质量分: 61
[2026-03-08 10:56:11] [321/1105] Weidi
[2026-03-08 10:56:11]   📄 使用已有网站内容 (5748 字符)
[2026-03-08 10:56:21]   ✅ 提取成功，质量分: 65
[2026-03-08 10:56:22] [322/1105] Yu Sun
[2026-03-08 10:56:22]   📄 使用已有网站内容 (7289 字符)
[2026-03-08 10:56:33]   ✅ 提取成功，质量分: 100
[2026-03-08 10:56:34] [323/1105] Alex Gaynor
[2026-03-08 10:56:34]   📄 使用已有网站内容 (10014 字符)
[2026-03-08 10:56:45]   ✅ 提取成功，质量分: 65
[2026-03-08 10:56:45] [324/1105] Max
[2026-03-08 10:56:45]   📄 使用已有网站内容 (5253 字符)
[2026-03-08 10:56:59]   ✅ 提取成功，质量分: 65
[2026-03-08 10:57:00] [325/1105] Vinta Chen
[2026-03-08 10:57:00]   📄 使用已有网站内容 (10014 字符)
[2026-03-08 10:57:07]   ✅ 提取成功，质量分: 31
[2026-03-08 10:57:07] [326/1105] StevenLiuWen
[2026-03-08 10:57:07]   📄 使用已有网站内容 (5229 字符)
[2026-03-08 10:57:16]   ✅ 提取成功，质量分: 65
[2026-03-08 10:57:16] [327/1105] Yuan Sun
[2026-03-08 10:57:16]   📄 使用已有网站内容 (819 字符)
[2026-03-08 10:57:22]   ✅ 提取成功，质量分: 34
[2026-03-08 10:57:23] [328/1105] Bowen Zhang
[2026-03-08 10:57:23]   📄 使用已有网站内容 (722 字符)
[2026-03-08 10:57:36]   ✅ 提取成功，质量分: 69
[2026-03-08 10:57:36] [329/1105] Yida Wang
[2026-03-08 10:57:36]   📄 使用已有网站内容 (1104 字符)
[2026-03-08 10:57:46]   ✅ 提取成功，质量分: 91
[2026-03-08 10:57:47] [330/1105] Shangbang Long
[2026-03-08 10:57:47]   📄 使用已有网站内容 (4405 字符)
[2026-03-08 10:57:57]   ✅ 提取成功，质量分: 65
[2026-03-08 10:57:58] [331/1105] Jeff Triplett
[2026-03-08 10:57:58]   📄 使用已有网站内容 (10014 字符)
[2026-03-08 10:58:07]   ✅ 提取成功，质量分: 47
[2026-03-08 10:58:08] [332/1105] Liu Xiao
[2026-03-08 10:58:08]   📄 使用已有网站内容 (1289 字符)
[2026-03-08 10:58:09]   ✅ 提取成功，质量分: 0
[2026-03-08 10:58:09] [333/1105] Wanwei He
[2026-03-08 10:58:09]   📄 使用已有网站内容 (4448 字符)
[2026-03-08 10:58:17]   ✅ 提取成功，质量分: 65
[2026-03-08 10:58:18] [334/1105] Yang Liu
[2026-03-08 10:58:18]   📄 使用已有网站内容 (1753 字符)
[2026-03-08 10:58:26]   ✅ 提取成功，质量分: 65
[2026-03-08 10:58:26] [335/1105] Hang Guo
[2026-03-08 10:58:26]   📄 使用已有网站内容 (3719 字符)
[2026-03-08 10:58:35]   ✅ 提取成功，质量分: 65
[2026-03-08 10:58:35] [336/1105] Lei Zhang
[2026-03-08 10:58:35]   📄 使用已有网站内容 (4304 字符)
[2026-03-08 10:58:49]   ✅ 提取成功，质量分: 100
[2026-03-08 10:58:49] [337/1105] Xinnuo Xu
[2026-03-08 10:58:49]   📄 使用已有网站内容 (5999 字符)
[2026-03-08 10:59:01]   ✅ 提取成功，质量分: 95
[2026-03-08 10:59:02] [338/1105] Alberto Leal
[2026-03-08 10:59:02]   📄 使用已有网站内容 (3081 字符)
[2026-03-08 10:59:10]   ✅ 提取成功，质量分: 35
[2026-03-08 10:59:11] [339/1105] Ian Bicking
[2026-03-08 10:59:11]   📄 使用已有网站内容 (10014 字符)
[2026-03-08 10:59:22]   ✅ 提取成功，质量分: 65
[2026-03-08 10:59:23] [340/1105] PRQL
[2026-03-08 10:59:23]   📄 使用已有网站内容 (10014 字符)
[2026-03-08 10:59:28]   ✅ 提取成功，质量分: 20
[2026-03-08 10:59:29] [341/1105] hzwer
[2026-03-08 10:59:29]   📄 使用已有网站内容 (5547 字符)
[2026-03-08 10:59:40]   ✅ 提取成功，质量分: 85
[2026-03-08 10:59:41] [342/1105] Zixuan Tan
[2026-03-08 10:59:41]   📄 使用已有网站内容 (3740 字符)
[2026-03-08 10:59:49]   ✅ 提取成功，质量分: 44
[2026-03-08 10:59:50] [343/1105] Tianyu Huang
[2026-03-08 10:59:50]   📄 使用已有网站内容 (3596 字符)
[2026-03-08 10:59:58]   ✅ 提取成功，质量分: 95
[2026-03-08 10:59:59] [344/1105] Hao Wang
[2026-03-08 10:59:59]   📄 使用已有网站内容 (5876 字符)
[2026-03-08 11:00:11]   ✅ 提取成功，质量分: 100
[2026-03-08 11:00:12] [345/1105] Eugene Khvedchenya
[2026-03-08 11:00:12]   📄 使用已有网站内容 (3394 字符)
[2026-03-08 11:00:18]   ✅ 提取成功，质量分: 39
[2026-03-08 11:00:18] [346/1105] Chunfeng Song
[2026-03-08 11:00:18]   📄 使用已有网站内容 (6511 字符)
[2026-03-08 11:00:26]   ✅ 提取成功，质量分: 65
[2026-03-08 11:00:27] [347/1105] Hexiaoqiao
[2026-03-08 11:00:27]   📄 使用已有网站内容 (10014 字符)
[2026-03-08 11:00:32]   ✅ 提取成功，质量分: 36
[2026-03-08 11:00:33] [348/1105] Deqing Sun
[2026-03-08 11:00:33]   📄 使用已有网站内容 (7002 字符)
[2026-03-08 11:00:42]   ✅ 提取成功，质量分: 65
[2026-03-08 11:00:42] [349/1105] DeepSeek
[2026-03-08 11:00:42]   📄 使用已有网站内容 (455 字符)
[2026-03-08 11:00:48]   ✅ 提取成功，质量分: 47
[2026-03-08 11:00:49] [350/1105] OpenAI
[2026-03-08 11:00:49]   📄 使用已有网站内容 (2803 字符)
[2026-03-08 11:00:56]   ✅ 提取成功，质量分: 22
[2026-03-08 11:00:56] [351/1105] Ryan Dahl
[2026-03-08 11:00:56]   📄 使用已有网站内容 (486 字符)
[2026-03-08 11:01:00]   ✅ 提取成功，质量分: 0
[2026-03-08 11:01:01] [352/1105] Wei Wang
[2026-03-08 11:01:01]   📄 使用已有网站内容 (5055 字符)
[2026-03-08 11:01:09]   ✅ 提取成功，质量分: 49
[2026-03-08 11:01:10] [353/1105] Tianle Cai
[2026-03-08 11:01:10]   📄 使用已有网站内容 (1708 字符)
[2026-03-08 11:01:19]   ✅ 提取成功，质量分: 77
[2026-03-08 11:01:19] [354/1105] bigeagle
[2026-03-08 11:01:19]   📄 使用已有网站内容 (2942 字符)
[2026-03-08 11:01:30]   ✅ 提取成功，质量分: 45
[2026-03-08 11:01:31] [355/1105] Martin Kleppmann
[2026-03-08 11:01:31]   📄 使用已有网站内容 (10014 字符)
[2026-03-08 11:01:43]   ✅ 提取成功，质量分: 95
[2026-03-08 11:01:43] [356/1105] Tim Pope
[2026-03-08 11:01:45]   📥 重新爬取网站内容成功 (32 字符)
[2026-03-08 11:01:48]   ✅ 提取成功，质量分: 0
[2026-03-08 11:01:48] [357/1105] Igor Babuschkin
[2026-03-08 11:01:48]   📄 使用已有网站内容 (1376 字符)
[2026-03-08 11:01:55]   ✅ 提取成功，质量分: 45
[2026-03-08 11:01:56] [358/1105] Zelin Zhao
[2026-03-08 11:01:56]   📄 使用已有网站内容 (4706 字符)
[2026-03-08 11:02:06]   ✅ 提取成功，质量分: 75
[2026-03-08 11:02:06] [359/1105] Fedor Indutny
[2026-03-08 11:02:06]   📄 使用已有网站内容 (186 字符)
[2026-03-08 11:02:08]   ✅ 提取成功，质量分: 0
[2026-03-08 11:02:08] [360/1105] Andrey Sitnik
[2026-03-08 11:02:08]   📄 使用已有网站内容 (399 字符)
[2026-03-08 11:02:12]   ✅ 提取成功，质量分: 29
[2026-03-08 11:02:13] [361/1105] flynn
[2026-03-08 11:02:13]   📄 使用已有网站内容 (2128 字符)
[2026-03-08 11:02:18]   ✅ 提取成功，质量分: 34
[2026-03-08 11:02:19] [362/1105] Denis Pushkarev
[2026-03-08 11:02:21]   📥 重新爬取网站内容成功 (47 字符)
[2026-03-08 11:02:24]   ✅ 提取成功，质量分: 0
[2026-03-08 11:02:25] [363/1105] Mark Dalgleish
[2026-03-08 11:02:25]   📄 使用已有网站内容 (10014 字符)
[2026-03-08 11:02:31]   ✅ 提取成功，质量分: 49
[2026-03-08 11:02:31] [364/1105] Ines Montani
[2026-03-08 11:02:31]   📄 使用已有网站内容 (10014 字符)
[2026-03-08 11:02:40]   ✅ 提取成功，质量分: 93
[2026-03-08 11:02:40] [365/1105] Willem Jiang
[2026-03-08 11:02:40]   📄 使用已有网站内容 (2294 字符)
[2026-03-08 11:02:49]   ✅ 提取成功，质量分: 65
[2026-03-08 11:02:49] [366/1105] Yuqing Wang
[2026-03-08 11:02:49]   📄 使用已有网站内容 (3442 字符)
[2026-03-08 11:02:58]   ✅ 提取成功，质量分: 59
[2026-03-08 11:02:58] [367/1105] Hailey Somerville
[2026-03-08 11:03:01]   📥 重新爬取网站内容成功 (47 字符)
[2026-03-08 11:03:04]   ✅ 提取成功，质量分: 0
[2026-03-08 11:03:04] [368/1105] Pine
[2026-03-08 11:03:04]   📄 使用已有网站内容 (145 字符)
[2026-03-08 11:03:07]   ✅ 提取成功，质量分: 0
[2026-03-08 11:03:08] [369/1105] Xiaoqian Wu
[2026-03-08 11:03:08]   📄 使用已有网站内容 (2443 字符)
[2026-03-08 11:03:16]   ✅ 提取成功，质量分: 79
[2026-03-08 11:03:17] [370/1105] Reeze Xia
[2026-03-08 11:03:17]   📄 使用已有网站内容 (1918 字符)
[2026-03-08 11:03:22]   ✅ 提取成功，质量分: 31
[2026-03-08 11:03:22] [371/1105] Anne van Kesteren
[2026-03-08 11:03:22]   📄 使用已有网站内容 (10014 字符)
[2026-03-08 11:03:32]   ✅ 提取成功，质量分: 65
[2026-03-08 11:03:33] [372/1105] Cheng Chi
[2026-03-08 11:03:33]   📄 使用已有网站内容 (4088 字符)
[2026-03-08 11:03:44]   ✅ 提取成功，质量分: 100
[2026-03-08 11:03:45] [373/1105] Jed Schmidt
[2026-03-08 11:03:45]   📄 使用已有网站内容 (307 字符)
[2026-03-08 11:03:50]   ✅ 提取成功，质量分: 53
[2026-03-08 11:03:51] [374/1105] Qiuyu Wang
[2026-03-08 11:03:51]   📄 使用已有网站内容 (5532 字符)
[2026-03-08 11:04:01]   ✅ 提取成功，质量分: 65
[2026-03-08 11:04:02] [375/1105] Aras Pranckevičius
[2026-03-08 11:04:02]   📄 使用已有网站内容 (851 字符)
[2026-03-08 11:04:11]   ✅ 提取成功，质量分: 59
[2026-03-08 11:04:11] [376/1105] Alexander Medvednikov
[2026-03-08 11:04:11]   📄 使用已有网站内容 (10014 字符)
[2026-03-08 11:04:18]   ✅ 提取成功，质量分: 36
[2026-03-08 11:04:19] [377/1105] Clem
[2026-03-08 11:04:19]   📄 使用已有网站内容 (3050 字符)
[2026-03-08 11:04:24]   ✅ 提取成功，质量分: 34
[2026-03-08 11:04:25] [378/1105] Yutian Li
[2026-03-08 11:04:26]   📥 重新爬取网站内容成功 (54 字符)
[2026-03-08 11:04:29]   ✅ 提取成功，质量分: 0
[2026-03-08 11:04:30] [379/1105] Coco
[2026-03-08 11:04:30]   📄 使用已有网站内容 (2875 字符)
[2026-03-08 11:04:37]   ✅ 提取成功，质量分: 34
[2026-03-08 11:04:38] [380/1105] Ziyue Yang
[2026-03-08 11:04:38]   📄 使用已有网站内容 (620 字符)
[2026-03-08 11:04:45]   ✅ 提取成功，质量分: 79
[2026-03-08 11:04:45] [381/1105] Feng Wang
[2026-03-08 11:04:45]   📄 使用已有网站内容 (1444 字符)
[2026-03-08 11:04:51]   ✅ 提取成功，质量分: 75
[2026-03-08 11:04:52] [382/1105] LLVM
[2026-03-08 11:04:52]   📄 使用已有网站内容 (8506 字符)
[2026-03-08 11:05:00]   ✅ 提取成功，质量分: 45
[2026-03-08 11:05:01] [383/1105] Yuyi Wang
[2026-03-08 11:05:02]   📥 重新爬取网站内容成功 (54 字符)
[2026-03-08 11:05:05]   ✅ 提取成功，质量分: 0
[2026-03-08 11:05:06] [384/1105] Jing Zhang
[2026-03-08 11:05:06]   📄 使用已有网站内容 (1708 字符)
[2026-03-08 11:05:12]   ✅ 提取成功，质量分: 34
[2026-03-08 11:05:13] [385/1105] Ole Begemann
[2026-03-08 11:05:13]   📄 使用已有网站内容 (1564 字符)
[2026-03-08 11:05:20]   ✅ 提取成功，质量分: 47
[2026-03-08 11:05:20] [386/1105] Kana Natsuno
[2026-03-08 11:05:20]   📄 使用已有网站内容 (295 字符)
[2026-03-08 11:05:24]   ✅ 提取成功，质量分: 0
[2026-03-08 11:05:24] [387/1105] 袁宵
[2026-03-08 11:05:24]   📄 使用已有网站内容 (2670 字符)
[2026-03-08 11:05:32]   ✅ 提取成功，质量分: 34
[2026-03-08 11:05:32] [388/1105] Jasonkay
[2026-03-08 11:05:32]   📄 使用已有网站内容 (4712 字符)
[2026-03-08 11:05:59]   ✅ 提取成功，质量分: 30
[2026-03-08 11:05:59] [389/1105] Yu Wang
[2026-03-08 11:05:59]   📄 使用已有网站内容 (2052 字符)
[2026-03-08 11:06:05]   ✅ 提取成功，质量分: 34
[2026-03-08 11:06:05] [390/1105] Efficient Computing at Carnegie Mellon
[2026-03-08 11:06:05]   📄 使用已有网站内容 (5068 字符)
[2026-03-08 11:06:14]   ✅ 提取成功，质量分: 55
[2026-03-08 11:06:14] [391/1105] Luca Casonato
[2026-03-08 11:06:14]   📄 使用已有网站内容 (473 字符)
[2026-03-08 11:06:20]   ✅ 提取成功，质量分: 61
[2026-03-08 11:06:20] [392/1105] Pierric Cistac
[2026-03-08 11:06:20]   📄 使用已有网站内容 (4193 字符)
[2026-03-08 11:06:27]   ✅ 提取成功，质量分: 34
[2026-03-08 11:06:28] [393/1105] Jack Chen
[2026-03-08 11:06:28]   📄 使用已有网站内容 (1870 字符)
[2026-03-08 11:06:33]   ✅ 提取成功，质量分: 36
[2026-03-08 11:06:34] [394/1105] Yi Yang
[2026-03-08 11:06:34]   📄 使用已有网站内容 (6075 字符)
[2026-03-08 11:06:40]   ✅ 提取成功，质量分: 34
[2026-03-08 11:06:41] [395/1105] Roman Novak
[2026-03-08 11:06:41]   📄 使用已有网站内容 (6067 字符)
[2026-03-08 11:06:52]   ✅ 提取成功，质量分: 85
[2026-03-08 11:06:53] [396/1105] Jinpeng Zhang
[2026-03-08 11:06:53]   📄 使用已有网站内容 (1717 字符)
[2026-03-08 11:07:01]   ✅ 提取成功，质量分: 69
[2026-03-08 11:07:01] [397/1105] Lei Wang
[2026-03-08 11:07:01]   📄 使用已有网站内容 (181 字符)
[2026-03-08 11:07:05]   ✅ 提取成功，质量分: 47
[2026-03-08 11:07:06] [398/1105] Doraemonzzz
[2026-03-08 11:07:06]   📄 使用已有网站内容 (7531 字符)
[2026-03-08 11:07:17]   ✅ 提取成功，质量分: 44
[2026-03-08 11:07:17] [399/1105] Anton Marini
[2026-03-08 11:07:17]   📄 使用已有网站内容 (1841 字符)
[2026-03-08 11:07:38]   ✅ 提取成功，质量分: 45
[2026-03-08 11:07:38] [400/1105] Marguerite Su
[2026-03-08 11:07:38]   📄 使用已有网站内容 (120 字符)
[2026-03-08 11:07:40]   ✅ 提取成功，质量分: 0
[2026-03-08 11:07:40] [401/1105] Victor Borja
[2026-03-08 11:07:40]   📄 使用已有网站内容 (208 字符)
[2026-03-08 11:07:42]   ✅ 提取成功，质量分: 0
[2026-03-08 11:07:42] [402/1105] Jintao Zhang
[2026-03-08 11:07:42]   📄 使用已有网站内容 (1163 字符)
[2026-03-08 11:07:49]   ✅ 提取成功，质量分: 38
[2026-03-08 11:07:49] [403/1105] Chang Sau Sheong
[2026-03-08 11:07:49]   📄 使用已有网站内容 (2089 字符)
[2026-03-08 11:07:56]   ✅ 提取成功，质量分: 35
[2026-03-08 11:07:57] [404/1105] Ultralytics
[2026-03-08 11:07:57]   📄 使用已有网站内容 (5761 字符)
[2026-03-08 11:08:03]   ✅ 提取成功，质量分: 34
[2026-03-08 11:08:03] [405/1105] David Li
[2026-03-08 11:08:03]   📄 使用已有网站内容 (305 字符)
[2026-03-08 11:08:07]   ✅ 提取成功，质量分: 15
[2026-03-08 11:08:08] [406/1105] zhisheng
[2026-03-08 11:08:08]   📄 使用已有网站内容 (4476 字符)
[2026-03-08 11:08:18]   ✅ 提取成功，质量分: 35
[2026-03-08 11:08:18] [407/1105] Rio
[2026-03-08 11:08:20]   📥 重新爬取网站内容成功 (18 字符)
[2026-03-08 11:08:23]   ✅ 提取成功，质量分: 0
[2026-03-08 11:08:23] [408/1105] None
[2026-03-08 11:08:23]   📄 使用已有网站内容 (780 字符)
[2026-03-08 11:08:29]   ✅ 提取成功，质量分: 34
[2026-03-08 11:08:30] [409/1105] UncleCode
[2026-03-08 11:08:30]   📄 使用已有网站内容 (10014 字符)
[2026-03-08 11:08:39]   ✅ 提取成功，质量分: 30
[2026-03-08 11:08:40] [410/1105] Mahmoud Parsian
[2026-03-08 11:08:40]   📄 使用已有网站内容 (2623 字符)
[2026-03-08 11:08:45]   ✅ 提取成功，质量分: 31
[2026-03-08 11:08:46] [411/1105] None
[2026-03-08 11:08:46]   📄 使用已有网站内容 (4245 字符)
[2026-03-08 11:08:53]   ✅ 提取成功，质量分: 34
[2026-03-08 11:08:54] [412/1105] None
[2026-03-08 11:08:54]   📄 使用已有网站内容 (2521 字符)
[2026-03-08 11:09:02]   ✅ 提取成功，质量分: 45
[2026-03-08 11:09:02] [413/1105] Andreas Fidjeland
[2026-03-08 11:09:02]   📄 使用已有网站内容 (10014 字符)
[2026-03-08 11:09:04]   ✅ 提取成功，质量分: 0
[2026-03-08 11:09:04] [414/1105] walter
[2026-03-08 11:09:04]   📄 使用已有网站内容 (3396 字符)
[2026-03-08 11:09:12]   ✅ 提取成功，质量分: 34
[2026-03-08 11:09:13] [415/1105] Wenxuan Zhao
[2026-03-08 11:09:13]   📄 使用已有网站内容 (3822 字符)
[2026-03-08 11:09:21]   ✅ 提取成功，质量分: 75
[2026-03-08 11:09:21] [416/1105] Davidham3
[2026-03-08 11:09:21]   📄 使用已有网站内容 (1233 字符)
[2026-03-08 11:09:28]   ✅ 提取成功，质量分: 35
[2026-03-08 11:09:28] [417/1105] Lucas Garron
[2026-03-08 11:09:28]   📄 使用已有网站内容 (338 字符)
[2026-03-08 11:09:35]   ✅ 提取成功，质量分: 31
[2026-03-08 11:09:35] [418/1105] Emily Eisenberg
[2026-03-08 11:09:37]   📥 重新爬取网站内容成功 (87 字符)
[2026-03-08 11:09:38]   ✅ 提取成功，质量分: 0
[2026-03-08 11:09:38] [419/1105] Boris Okunskiy
[2026-03-08 11:09:38]   📄 使用已有网站内容 (652 字符)
[2026-03-08 11:09:44]   ✅ 提取成功，质量分: 25
[2026-03-08 11:09:44] [420/1105] 刘洋
[2026-03-08 11:09:44]   📄 使用已有网站内容 (3957 字符)
[2026-03-08 11:09:55]   ✅ 提取成功，质量分: 75
[2026-03-08 11:09:55] [421/1105] yomimono
[2026-03-08 11:09:55]   📄 使用已有网站内容 (8186 字符)
[2026-03-08 11:10:04]   ✅ 提取成功，质量分: 39
[2026-03-08 11:10:04] [422/1105] Charlestar
[2026-03-08 11:10:04]   📄 使用已有网站内容 (2590 字符)
[2026-03-08 11:10:11]   ✅ 提取成功，质量分: 36
[2026-03-08 11:10:12] [423/1105] Nelson Cheung
[2026-03-08 11:10:13]   📥 重新爬取网站内容成功 (71 字符)
[2026-03-08 11:10:14]   ✅ 提取成功，质量分: 0
[2026-03-08 11:10:15] [424/1105] Quancheng Wang
[2026-03-08 11:10:15]   📄 使用已有网站内容 (3440 字符)
[2026-03-08 11:10:22]   ✅ 提取成功，质量分: 67
[2026-03-08 11:10:23] [425/1105] polyfem
[2026-03-08 11:10:23]   📄 使用已有网站内容 (5930 字符)
[2026-03-08 11:10:33]   ✅ 提取成功，质量分: 65
[2026-03-08 11:10:33] [426/1105] Zihan Zhao
[2026-03-08 11:10:33]   📄 使用已有网站内容 (2268 字符)
[2026-03-08 11:10:40]   ✅ 提取成功，质量分: 35
[2026-03-08 11:10:40] [427/1105] John
[2026-03-08 11:10:40]   📄 使用已有网站内容 (6823 字符)
[2026-03-08 11:10:51]   ✅ 提取成功，质量分: 97
[2026-03-08 11:10:52] [428/1105] pupa
[2026-03-08 11:10:52]   📄 使用已有网站内容 (1349 字符)
[2026-03-08 11:10:58]   ✅ 提取成功，质量分: 57
[2026-03-08 11:10:59] [429/1105] Jason Manley
[2026-03-08 11:10:59]   📄 使用已有网站内容 (3607 字符)
[2026-03-08 11:11:08]   ✅ 提取成功，质量分: 85
[2026-03-08 11:11:08] [430/1105] Shaw
[2026-03-08 11:11:08]   📄 使用已有网站内容 (2297 字符)
[2026-03-08 11:11:15]   ✅ 提取成功，质量分: 31
[2026-03-08 11:11:15] [431/1105] Siguza
[2026-03-08 11:11:15]   📄 使用已有网站内容 (2684 字符)
[2026-03-08 11:11:27]   ✅ 提取成功，质量分: 69
[2026-03-08 11:11:28] [432/1105] Yi-Chen (Howard) Lo
[2026-03-08 11:11:28]   📄 使用已有网站内容 (3814 字符)
[2026-03-08 11:11:38]   ✅ 提取成功，质量分: 65
[2026-03-08 11:11:39] [433/1105] None
[2026-03-08 11:11:39]   📄 使用已有网站内容 (5506 字符)
[2026-03-08 11:11:48]   ✅ 提取成功，质量分: 75
[2026-03-08 11:11:49] [434/1105] Mohamed Omran
[2026-03-08 11:11:49]   📄 使用已有网站内容 (6511 字符)
[2026-03-08 11:12:02]   ✅ 提取成功，质量分: 91
[2026-03-08 11:12:02] [435/1105] Kamil
[2026-03-08 11:12:02]   📄 使用已有网站内容 (7467 字符)
[2026-03-08 11:12:12]   ✅ 提取成功，质量分: 39
[2026-03-08 11:12:12] [436/1105] Ross Wightman
[2026-03-08 11:12:14]   📥 重新爬取网站内容成功 (56 字符)
[2026-03-08 11:12:17]   ✅ 提取成功，质量分: 0
[2026-03-08 11:12:18] [437/1105] Mark Otto
[2026-03-08 11:12:18]   📄 使用已有网站内容 (2292 字符)
[2026-03-08 11:12:30]   ✅ 提取成功，质量分: 69
[2026-03-08 11:12:31] [438/1105] Nathan Rajlich
[2026-03-08 11:12:32]   📥 重新爬取网站内容成功 (33 字符)
[2026-03-08 11:12:35]   ✅ 提取成功，质量分: 0
[2026-03-08 11:12:36] [439/1105] Felix Yan
[2026-03-08 11:12:36]   📄 使用已有网站内容 (10014 字符)
[2026-03-08 11:12:44]   ✅ 提取成功，质量分: 30
[2026-03-08 11:12:45] [440/1105] Brian Li
[2026-03-08 11:12:45]   📄 使用已有网站内容 (391 字符)
[2026-03-08 11:12:50]   ✅ 提取成功，质量分: 31
[2026-03-08 11:12:51] [441/1105] Julien Chaumond
[2026-03-08 11:12:51]   📄 使用已有网站内容 (5592 字符)
[2026-03-08 11:12:59]   ✅ 提取成功，质量分: 35
[2026-03-08 11:13:00] [442/1105] Edwin Chen
[2026-03-08 11:13:00]   📄 使用已有网站内容 (1340 字符)
[2026-03-08 11:13:12]   ✅ 提取成功，质量分: 95
[2026-03-08 11:13:13] [443/1105] Jason Liu
[2026-03-08 11:13:13]   📄 使用已有网站内容 (1719 字符)
[2026-03-08 11:13:23]   ✅ 提取成功，质量分: 59
[2026-03-08 11:13:23] [444/1105] Lei Yang
[2026-03-08 11:13:23]   📄 使用已有网站内容 (1462 字符)
[2026-03-08 11:13:34]   ✅ 提取成功，质量分: 95
[2026-03-08 11:13:35] [445/1105] 泉哥
[2026-03-08 11:13:35]   📄 使用已有网站内容 (10014 字符)
[2026-03-08 11:13:44]   ✅ 提取成功，质量分: 30
[2026-03-08 11:13:44] [446/1105] Jin Li
[2026-03-08 11:13:44]   📄 使用已有网站内容 (7503 字符)
[2026-03-08 11:13:57]   ✅ 提取成功，质量分: 100
[2026-03-08 11:13:57] [447/1105] RAPIDS
[2026-03-08 11:13:57]   📄 使用已有网站内容 (8754 字符)
[2026-03-08 11:14:04]   ✅ 提取成功，质量分: 34
[2026-03-08 11:14:05] [448/1105] wldai
[2026-03-08 11:14:07]   📥 重新爬取网站内容成功 (84 字符)
[2026-03-08 11:14:10]   ✅ 提取成功，质量分: 25
[2026-03-08 11:14:11] [449/1105] Nicole Sullivan
[2026-03-08 11:14:11]   📄 使用已有网站内容 (3148 字符)
[2026-03-08 11:14:17]   ✅ 提取成功，质量分: 36
[2026-03-08 11:14:18] [450/1105] Amit Chaudhary
[2026-03-08 11:14:18]   📄 使用已有网站内容 (6662 字符)
[2026-03-08 11:14:26]   ✅ 提取成功，质量分: 39
[2026-03-08 11:14:26] [451/1105] None
[2026-03-08 11:14:28]   📥 重新爬取网站内容成功 (83 字符)
[2026-03-08 11:14:29]   ✅ 提取成功，质量分: 0
[2026-03-08 11:14:30] [452/1105] Andrey Lushnikov
[2026-03-08 11:14:31]   📥 重新爬取网站内容成功 (76 字符)
[2026-03-08 11:14:33]   ✅ 提取成功，质量分: 0
[2026-03-08 11:14:33] [453/1105] Blake Embrey
[2026-03-08 11:14:35]   📥 重新爬取网站内容成功 (54 字符)
[2026-03-08 11:14:36]   ✅ 提取成功，质量分: 0
[2026-03-08 11:14:36] [454/1105] Zeyi (Rice) Fan
[2026-03-08 11:14:38]   📥 重新爬取网站内容成功 (76 字符)
[2026-03-08 11:14:42]   ✅ 提取成功，质量分: 0
[2026-03-08 11:14:42] [455/1105] Gerd Zellweger
[2026-03-08 11:14:42]   📄 使用已有网站内容 (4881 字符)
[2026-03-08 11:14:54]   ✅ 提取成功，质量分: 100
[2026-03-08 11:14:54] [456/1105] Andrei Alexandrescu
[2026-03-08 11:14:54]   📄 使用已有网站内容 (468 字符)
[2026-03-08 11:15:00]   ✅ 提取成功，质量分: 49
[2026-03-08 11:15:01] [457/1105] Zhe (Phil) Yang
[2026-03-08 11:15:04]   📥 重新爬取网站内容成功 (66 字符)
[2026-03-08 11:15:05]   ✅ 提取成功，质量分: 0
[2026-03-08 11:15:06] [458/1105] Wei Zhu
[2026-03-08 11:15:08]   📥 重新爬取网站内容成功 (96 字符)
[2026-03-08 11:15:11]   ✅ 提取成功，质量分: 25
[2026-03-08 11:15:12] [459/1105] James Ide
[2026-03-08 11:15:14]   📥 重新爬取网站内容成功 (63 字符)
[2026-03-08 11:15:17]   ✅ 提取成功，质量分: 0
[2026-03-08 11:15:18] [460/1105] Stefan Schweter
[2026-03-08 11:15:18]   📄 使用已有网站内容 (6063 字符)
[2026-03-08 11:15:27]   ✅ 提取成功，质量分: 45
[2026-03-08 11:15:27] [461/1105] Miroslav Bajtoš
[2026-03-08 11:15:29]   📥 重新爬取网站内容成功 (83 字符)
[2026-03-08 11:15:33]   ✅ 提取成功，质量分: 31
[2026-03-08 11:15:33] [462/1105] Qingfu Wan
[2026-03-08 11:15:33]   📄 使用已有网站内容 (2150 字符)
[2026-03-08 11:15:41]   ✅ 提取成功，质量分: 53
[2026-03-08 11:15:41] [463/1105] Idan Gazit
[2026-03-08 11:15:41]   📄 使用已有网站内容 (1553 字符)
[2026-03-08 11:15:51]   ✅ 提取成功，质量分: 75
[2026-03-08 11:15:51] [464/1105] Ethan
[2026-03-08 11:15:51]   📄 使用已有网站内容 (3506 字符)
[2026-03-08 11:16:00]   ✅ 提取成功，质量分: 65
[2026-03-08 11:16:00] [465/1105] Ruiyu Li
[2026-03-08 11:16:00]   📄 使用已有网站内容 (2520 字符)
[2026-03-08 11:16:09]   ✅ 提取成功，质量分: 65
[2026-03-08 11:16:09] [466/1105] Jiwei Liu
[2026-03-08 11:16:09]   📄 使用已有网站内容 (8754 字符)
[2026-03-08 11:16:15]   ✅ 提取成功，质量分: 34
[2026-03-08 11:16:16] [467/1105] Brandon Rohrer
[2026-03-08 11:16:16]   📄 使用已有网站内容 (7332 字符)
[2026-03-08 11:16:25]   ✅ 提取成功，质量分: 35
[2026-03-08 11:16:26] [468/1105] JackTan25
[2026-03-08 11:16:26]   📄 使用已有网站内容 (7554 字符)
[2026-03-08 11:16:32]   ✅ 提取成功，质量分: 34
[2026-03-08 11:16:32] [469/1105] Chen
[2026-03-08 11:16:32]   📄 使用已有网站内容 (3097 字符)
[2026-03-08 11:16:38]   ✅ 提取成功，质量分: 34
[2026-03-08 11:16:39] [470/1105] Alex Holachek
[2026-03-08 11:16:40]   📥 重新爬取网站内容成功 (95 字符)
[2026-03-08 11:16:42]   ✅ 提取成功，质量分: 0
[2026-03-08 11:16:42] [471/1105] None
[2026-03-08 11:16:42]   📄 使用已有网站内容 (10014 字符)
[2026-03-08 11:16:51]   ✅ 提取成功，质量分: 40
[2026-03-08 11:16:52] [472/1105] None
[2026-03-08 11:16:52]   📄 使用已有网站内容 (364 字符)
[2026-03-08 11:16:56]   ✅ 提取成功，质量分: 39
[2026-03-08 11:16:57] [473/1105] Inria
[2026-03-08 11:16:57]   📄 使用已有网站内容 (10014 字符)
[2026-03-08 11:17:15]   ✅ 提取成功，质量分: 65
[2026-03-08 11:17:16] [474/1105] Joosung Yoon
[2026-03-08 11:17:16]   📄 使用已有网站内容 (10014 字符)
[2026-03-08 11:17:22]   ✅ 提取成功，质量分: 34
[2026-03-08 11:17:22] [475/1105] Ilyas Moutawwakil
[2026-03-08 11:17:24]   📥 重新爬取网站内容成功 (67 字符)
[2026-03-08 11:17:25]   ✅ 提取成功，质量分: 0
[2026-03-08 11:17:26] [476/1105] Bailey Brooks
[2026-03-08 11:17:29]   📥 重新爬取网站内容成功 (34 字符)
[2026-03-08 11:17:31]   ✅ 提取成功，质量分: 0
[2026-03-08 11:17:32] [477/1105] Zhang Lei
[2026-03-08 11:17:32]   📄 使用已有网站内容 (4362 字符)
[2026-03-08 11:17:42]   ✅ 提取成功，质量分: 55
[2026-03-08 11:17:42] [478/1105] MBZUAI NLP department
[2026-03-08 11:17:42]   📄 使用已有网站内容 (10014 字符)
[2026-03-08 11:17:50]   ✅ 提取成功，质量分: 40
[2026-03-08 11:17:50] [479/1105] volkan
[2026-03-08 11:17:51]   📥 重新爬取网站内容成功 (31 字符)
[2026-03-08 11:17:53]   ✅ 提取成功，质量分: 0
[2026-03-08 11:17:53] [480/1105] Can Balioglu
[2026-03-08 11:17:55]   📥 重新爬取网站内容成功 (64 字符)
[2026-03-08 11:17:58]   ✅ 提取成功，质量分: 6
[2026-03-08 11:17:58] [481/1105] Lellansin Huang
[2026-03-08 11:17:58]   📄 使用已有网站内容 (10014 字符)
[2026-03-08 11:18:05]   ✅ 提取成功，质量分: 36
[2026-03-08 11:18:06] [482/1105] theblackcat102
[2026-03-08 11:18:06]   📄 使用已有网站内容 (5410 字符)
[2026-03-08 11:18:14]   ✅ 提取成功，质量分: 71
[2026-03-08 11:18:15] [483/1105] Gradio
[2026-03-08 11:18:15]   📄 使用已有网站内容 (4137 字符)
[2026-03-08 11:18:21]   ✅ 提取成功，质量分: 34
[2026-03-08 11:18:22] [484/1105] Aaron Schlesinger
[2026-03-08 11:18:22]   📄 使用已有网站内容 (917 字符)
[2026-03-08 11:18:29]   ✅ 提取成功，质量分: 73
[2026-03-08 11:18:30] [485/1105] Jack Armitage
[2026-03-08 11:18:32]   📥 重新爬取网站内容成功 (64 字符)
[2026-03-08 11:18:36]   ✅ 提取成功，质量分: 31
[2026-03-08 11:18:36] [486/1105] kaiyuan
[2026-03-08 11:18:36]   📄 使用已有网站内容 (7204 字符)
[2026-03-08 11:18:46]   ✅ 提取成功，质量分: 44
[2026-03-08 11:18:46] [487/1105] Yuanlin Lin
[2026-03-08 11:18:46]   📄 使用已有网站内容 (3366 字符)
[2026-03-08 11:18:56]   ✅ 提取成功，质量分: 34
[2026-03-08 11:18:57] [488/1105] Amit Kumar
[2026-03-08 11:18:58]   📥 重新爬取网站内容成功 (87 字符)
[2026-03-08 11:19:01]   ✅ 提取成功，质量分: 0
[2026-03-08 11:19:02] [489/1105] huke
[2026-03-08 11:19:02]   📄 使用已有网站内容 (10014 字符)
[2026-03-08 11:19:10]   ✅ 提取成功，质量分: 40
[2026-03-08 11:19:10] [490/1105] Joshua Wehner
[2026-03-08 11:19:10]   📄 使用已有网站内容 (239 字符)
[2026-03-08 11:19:13]   ✅ 提取成功，质量分: 0
[2026-03-08 11:19:14] [491/1105] Herman
[2026-03-08 11:19:14]   📄 使用已有网站内容 (6014 字符)
[2026-03-08 11:19:24]   ✅ 提取成功，质量分: 65
[2026-03-08 11:19:25] [492/1105] Derek Lim
[2026-03-08 11:19:26]   📥 重新爬取网站内容成功 (61 字符)
[2026-03-08 11:19:28]   ✅ 提取成功，质量分: 0
[2026-03-08 11:19:28] [493/1105] Ice Pasupat
[2026-03-08 11:19:28]   📄 使用已有网站内容 (1196 字符)
[2026-03-08 11:19:35]   ✅ 提取成功，质量分: 69
[2026-03-08 11:19:35] [494/1105] Matheus Fernandes
[2026-03-08 11:19:37]   📥 重新爬取网站内容成功 (53 字符)
[2026-03-08 11:19:40]   ✅ 提取成功，质量分: 25
[2026-03-08 11:19:41] [495/1105] Kohsuke Kawaguchi
[2026-03-08 11:19:41]   📄 使用已有网站内容 (2897 字符)
[2026-03-08 11:19:54]   ✅ 提取成功，质量分: 45
[2026-03-08 11:19:55] [496/1105] Julien Schmidt
[2026-03-08 11:19:56]   📥 重新爬取网站内容成功 (51 字符)
[2026-03-08 11:19:58]   ✅ 提取成功，质量分: 0
[2026-03-08 11:19:58] [497/1105] Drew Neil
[2026-03-08 11:20:00]   📥 重新爬取网站内容成功 (55 字符)
[2026-03-08 11:20:03]   ✅ 提取成功，质量分: 4
[2026-03-08 11:20:04] [498/1105] Mark Erikson
[2026-03-08 11:20:04]   📄 使用已有网站内容 (3071 字符)
[2026-03-08 11:20:10]   ✅ 提取成功，质量分: 47
[2026-03-08 11:20:10] [499/1105] Lucian
[2026-03-08 11:20:10]   📄 使用已有网站内容 (2491 字符)
[2026-03-08 11:20:25]   ✅ 提取成功，质量分: 65
[2026-03-08 11:20:25] [500/1105] Jonathan Raiman
[2026-03-08 11:20:25]   📄 使用已有网站内容 (6219 字符)
[2026-03-08 11:20:35]   ✅ 提取成功，质量分: 65
[2026-03-08 11:20:35] [501/1105] Julia Evans
[2026-03-08 11:20:35]   📄 使用已有网站内容 (10014 字符)
[2026-03-08 11:20:43]   ✅ 提取成功，质量分: 39
[2026-03-08 11:20:44] [502/1105] David Hall
[2026-03-08 11:20:44]   📄 使用已有网站内容 (175 字符)
[2026-03-08 11:20:46]   ✅ 提取成功，质量分: 0
[2026-03-08 11:20:46] [503/1105] Amazon Web Services
[2026-03-08 11:20:46]   📄 使用已有网站内容 (3418 字符)
[2026-03-08 11:20:51]   ✅ 提取成功，质量分: 14
[2026-03-08 11:20:52] [504/1105] Guojun Yin
[2026-03-08 11:20:52]   📄 使用已有网站内容 (1486 字符)
[2026-03-08 11:21:03]   ✅ 提取成功，质量分: 79
[2026-03-08 11:21:03] [505/1105] Eclipse Foundation
[2026-03-08 11:21:03]   📄 使用已有网站内容 (6118 字符)
[2026-03-08 11:21:09]   ✅ 提取成功，质量分: 34
[2026-03-08 11:21:10] [506/1105] Josh Purtell
[2026-03-08 11:21:10]   📄 使用已有网站内容 (860 字符)
[2026-03-08 11:21:15]   ✅ 提取成功，质量分: 39
[2026-03-08 11:21:15] [507/1105] Tong WU
[2026-03-08 11:21:15]   📄 使用已有网站内容 (3066 字符)
[2026-03-08 11:21:25]   ✅ 提取成功，质量分: 91
[2026-03-08 11:21:25] [508/1105] orlando
[2026-03-08 11:21:25]   📄 使用已有网站内容 (6590 字符)
[2026-03-08 11:21:32]   ✅ 提取成功，质量分: 35
[2026-03-08 11:21:33] [509/1105] Tesla Zhang‮
[2026-03-08 11:21:33]   📄 使用已有网站内容 (165 字符)
[2026-03-08 11:21:38]   ✅ 提取成功，质量分: 31
[2026-03-08 11:21:38] [510/1105] Carbo Kuo
[2026-03-08 11:21:42]   📥 重新爬取网站内容成功 (23 字符)
[2026-03-08 11:21:43]   ✅ 提取成功，质量分: 0
[2026-03-08 11:21:44] [511/1105] Graham Neubig
[2026-03-08 11:21:46]   📥 重新爬取网站内容成功 (13 字符)
[2026-03-08 11:21:47]   ✅ 提取成功，质量分: 0
[2026-03-08 11:21:48] [512/1105] Yao Fu
[2026-03-08 11:21:50]   📥 重新爬取网站内容成功 (95 字符)
[2026-03-08 11:21:51]   ✅ 提取成功，质量分: 0
[2026-03-08 11:21:52] [513/1105] None
[2026-03-08 11:21:53]   📥 重新爬取网站内容成功 (8 字符)
[2026-03-08 11:21:55]   ✅ 提取成功，质量分: 0
[2026-03-08 11:21:55] [514/1105] Ovilia
[2026-03-08 11:21:59]   📥 重新爬取网站内容成功 (6 字符)
[2026-03-08 11:22:00]   ✅ 提取成功，质量分: 0
[2026-03-08 11:22:01] [515/1105] Prof Richard Xu                 徐亦达教授
[2026-03-08 11:22:03]   📥 重新爬取网站内容成功 (4 字符)
[2026-03-08 11:22:05]   ✅ 提取成功，质量分: 0
[2026-03-08 11:22:05] [516/1105] Matthias Fey
[2026-03-08 11:22:07]   📥 重新爬取网站内容成功 (42 字符)
[2026-03-08 11:22:10]   ✅ 提取成功，质量分: 25
[2026-03-08 11:22:11] [517/1105] Hang Zhao
[2026-03-08 11:22:13]   📥 重新爬取网站内容成功 (72 字符)
[2026-03-08 11:22:15]   ✅ 提取成功，质量分: 0
[2026-03-08 11:22:15] [518/1105] Jiawei Liu
[2026-03-08 11:22:17]   ⚠️  无法获取网站内容
[2026-03-08 11:22:17]   ⚠️  提取失败，保留原始数据
[2026-03-08 11:22:17] [518/1105] Pingchuan Ma
[2026-03-08 11:22:20]   📥 重新爬取网站内容成功 (76 字符)
[2026-03-08 11:22:21]   ✅ 提取成功，质量分: 0
[2026-03-08 11:22:22] [519/1105] EGOIST
[2026-03-08 11:22:22]   📄 使用已有网站内容 (2068 字符)
[2026-03-08 11:22:27]   ✅ 提取成功，质量分: 22
[2026-03-08 11:22:28] [520/1105] Matthew Johnson
[2026-03-08 11:22:33]   📥 重新爬取网站内容成功 (3 字符)
[2026-03-08 11:22:34]   ✅ 提取成功，质量分: 0
[2026-03-08 11:22:34] [521/1105] THUKEG
[2026-03-08 11:22:34]   📄 使用已有网站内容 (936 字符)
[2026-03-08 11:22:41]   ✅ 提取成功，质量分: 0
[2026-03-08 11:22:41] [522/1105] William Falcon
[2026-03-08 11:22:43]   📥 重新爬取网站内容成功 (59 字符)
[2026-03-08 11:22:45]   ✅ 提取成功，质量分: 0
[2026-03-08 11:22:45] [523/1105] Ziy
[2026-03-08 11:22:45]   📄 使用已有网站内容 (148 字符)
[2026-03-08 11:22:48]   ✅ 提取成功，质量分: 4
[2026-03-08 11:22:49] [524/1105] Qwen
[2026-03-08 11:22:51]   📥 重新爬取网站内容成功 (4 字符)
[2026-03-08 11:22:52]   ✅ 提取成功，质量分: 0
[2026-03-08 11:22:53] [525/1105] Jeremy Ashkenas
[2026-03-08 11:22:54]   📥 重新爬取网站内容成功 (49 字符)
[2026-03-08 11:22:55]   ✅ 提取成功，质量分: 0
[2026-03-08 11:22:56] [526/1105] Kyubyong Park
[2026-03-08 11:22:56]   📄 使用已有网站内容 (510 字符)
[2026-03-08 11:22:57]   ✅ 提取成功，质量分: 0
[2026-03-08 11:22:58] [527/1105] Menci
[2026-03-08 11:23:00]   📥 重新爬取网站内容成功 (36 字符)
[2026-03-08 11:23:03]   ✅ 提取成功，质量分: 31
[2026-03-08 11:23:03] [528/1105] Jaana Dogan
[2026-03-08 11:23:05]   📥 重新爬取网站内容成功 (17 字符)
[2026-03-08 11:23:06]   ✅ 提取成功，质量分: 0
[2026-03-08 11:23:07] [529/1105] Zhiqing Sun
[2026-03-08 11:23:09]   ⚠️  无法获取网站内容
[2026-03-08 11:23:09]   ⚠️  提取失败，保留原始数据
[2026-03-08 11:23:10] [529/1105] OpenMMLab
[2026-03-08 11:23:11]   ⚠️  无法获取网站内容
[2026-03-08 11:23:11]   ⚠️  提取失败，保留原始数据
[2026-03-08 11:23:11] [529/1105] 布客飞龙
[2026-03-08 11:23:11]   📄 使用已有网站内容 (7338 字符)
[2026-03-08 11:23:24]   ✅ 提取成功，质量分: 35
[2026-03-08 11:23:25] [530/1105] Bytedance Inc.
[2026-03-08 11:23:26]   📥 重新爬取网站内容成功 (8 字符)
[2026-03-08 11:23:29]   ✅ 提取成功，质量分: 25
[2026-03-08 11:23:30] [531/1105] Danlu Chen
[2026-03-08 11:23:31]   📥 重新爬取网站内容成功 (32 字符)
[2026-03-08 11:23:33]   ✅ 提取成功，质量分: 0
[2026-03-08 11:23:33] [532/1105] Jake Wharton
[2026-03-08 11:23:35]   📥 重新爬取网站内容成功 (76 字符)
[2026-03-08 11:23:36]   ✅ 提取成功，质量分: 0
[2026-03-08 11:23:37] [533/1105] Peng Wang
[2026-03-08 11:23:38]   📥 重新爬取网站内容成功 (95 字符)
[2026-03-08 11:23:39]   ✅ 提取成功，质量分: 0
[2026-03-08 11:23:40] [534/1105] Tim Brooks
[2026-03-08 11:23:43]   ⚠️  无法获取网站内容
[2026-03-08 11:23:43]   ⚠️  提取失败，保留原始数据
[2026-03-08 11:23:43] [534/1105] None
[2026-03-08 11:23:44]   📥 重新爬取网站内容成功 (30 字符)
[2026-03-08 11:23:45]   ✅ 提取成功，质量分: 0
[2026-03-08 11:23:46] [535/1105] Moonshot AI
[2026-03-08 11:23:49]   📥 重新爬取网站内容成功 (11 字符)
[2026-03-08 11:23:50]   ✅ 提取成功，质量分: 0
[2026-03-08 11:23:51] [536/1105] xiaolai
[2026-03-08 11:23:52]   📥 重新爬取网站内容成功 (16 字符)
[2026-03-08 11:23:53]   ✅ 提取成功，质量分: 0
[2026-03-08 11:23:54] [537/1105] yihong
[2026-03-08 11:23:56]   📥 重新爬取网站内容成功 (12 字符)
[2026-03-08 11:23:57]   ✅ 提取成功，质量分: 0
[2026-03-08 11:23:57] [538/1105] None
[2026-03-08 11:23:59]   📥 重新爬取网站内容成功 (79 字符)
[2026-03-08 11:24:00]   ✅ 提取成功，质量分: 0
[2026-03-08 11:24:01] [539/1105] Douglas Crockford
[2026-03-08 11:24:03]   📥 重新爬取网站内容成功 (49 字符)
[2026-03-08 11:24:05]   ✅ 提取成功，质量分: 0
[2026-03-08 11:24:05] [540/1105] None
[2026-03-08 11:24:07]   📥 重新爬取网站内容成功 (7 字符)
[2026-03-08 11:24:08]   ✅ 提取成功，质量分: 0
[2026-03-08 11:24:09] [541/1105] Tencent-Hunyuan
[2026-03-08 11:24:09]   📥 重新爬取网站内容成功 (4 字符)
[2026-03-08 11:24:12]   ✅ 提取成功，质量分: 0
[2026-03-08 11:24:12] [542/1105] None
[2026-03-08 11:24:14]   📥 重新爬取网站内容成功 (82 字符)
[2026-03-08 11:24:16]   ✅ 提取成功，质量分: 4
[2026-03-08 11:24:17] [543/1105] Meta PyTorch
[2026-03-08 11:24:17]   📄 使用已有网站内容 (6378 字符)
[2026-03-08 11:24:24]   ✅ 提取成功，质量分: 39
[2026-03-08 11:24:24] [544/1105] Shengyu Liu
[2026-03-08 11:24:26]   📥 重新爬取网站内容成功 (17 字符)
[2026-03-08 11:24:28]   ✅ 提取成功，质量分: 0
[2026-03-08 11:24:28] [545/1105] ARC Lab, Tencent PCG
[2026-03-08 11:24:28]   📄 使用已有网站内容 (116 字符)
[2026-03-08 11:24:31]   ✅ 提取成功，质量分: 25
[2026-03-08 11:24:31] [546/1105] THUNLP
[2026-03-08 11:24:32]   📥 重新爬取网站内容成功 (9 字符)
[2026-03-08 11:24:34]   ✅ 提取成功，质量分: 0
[2026-03-08 11:24:35] [547/1105] Wengong Jin
[2026-03-08 11:24:37]   ⚠️  无法获取网站内容
[2026-03-08 11:24:37]   ⚠️  提取失败，保留原始数据
[2026-03-08 11:24:38] [547/1105] Russ Tedrake
[2026-03-08 11:24:41]   📥 重新爬取网站内容成功 (52 字符)
[2026-03-08 11:24:43]   ✅ 提取成功，质量分: 0
[2026-03-08 11:24:43] [548/1105] Kai Arulkumaran
[2026-03-08 11:24:45]   📥 重新爬取网站内容成功 (64 字符)
[2026-03-08 11:24:48]   ✅ 提取成功，质量分: 8
[2026-03-08 11:24:49] [549/1105] None
[2026-03-08 11:24:49]   📄 使用已有网站内容 (1388 字符)
[2026-03-08 11:24:55]   ✅ 提取成功，质量分: 45
[2026-03-08 11:24:56] [550/1105] Guo Yu
[2026-03-08 11:24:56]   📄 使用已有网站内容 (10014 字符)
[2026-03-08 11:25:07]   ✅ 提取成功，质量分: 65
[2026-03-08 11:25:07] [551/1105] Jason Wei
[2026-03-08 11:25:09]   📥 重新爬取网站内容成功 (63 字符)
[2026-03-08 11:25:10]   ✅ 提取成功，质量分: 0
[2026-03-08 11:25:11] [552/1105] Yinpeng Dong
[2026-03-08 11:25:11]   📥 重新爬取网站内容成功 (57 字符)
[2026-03-08 11:25:12]   ✅ 提取成功，质量分: 0
[2026-03-08 11:25:13] [553/1105] None
[2026-03-08 11:25:14]   ⚠️  无法获取网站内容
[2026-03-08 11:25:14]   ⚠️  提取失败，保留原始数据
[2026-03-08 11:25:15] [553/1105] 题叶
[2026-03-08 11:25:17]   📥 重新爬取网站内容成功 (14 字符)
[2026-03-08 11:25:20]   ✅ 提取成功，质量分: 0
[2026-03-08 11:25:20] [554/1105] Chong Guo
[2026-03-08 11:25:24]   📥 重新爬取网站内容成功 (45 字符)
[2026-03-08 11:25:25]   ✅ 提取成功，质量分: 0
[2026-03-08 11:25:26] [555/1105] Junho Kim
[2026-03-08 11:25:28]   📥 重新爬取网站内容成功 (95 字符)
[2026-03-08 11:25:29]   ✅ 提取成功，质量分: 0
[2026-03-08 11:25:29] [556/1105] volltin
[2026-03-08 11:25:31]   📥 重新爬取网站内容成功 (45 字符)
[2026-03-08 11:25:32]   ✅ 提取成功，质量分: 0
[2026-03-08 11:25:33] [557/1105] Ben Newman
[2026-03-08 11:25:35]   📥 重新爬取网站内容成功 (75 字符)
[2026-03-08 11:25:37]   ✅ 提取成功，质量分: 0
[2026-03-08 11:25:37] [558/1105] Qinghao Huang
[2026-03-08 11:25:39]   📥 重新爬取网站内容成功 (14 字符)
[2026-03-08 11:25:40]   ✅ 提取成功，质量分: 0
[2026-03-08 11:25:41] [559/1105] Aaron Patterson
[2026-03-08 11:25:41]   📄 使用已有网站内容 (10014 字符)
[2026-03-08 11:25:48]   ✅ 提取成功，质量分: 35
[2026-03-08 11:25:49] [560/1105] Jerry Yin
[2026-03-08 11:25:49]   📄 使用已有网站内容 (113 字符)
[2026-03-08 11:25:50]   ✅ 提取成功，质量分: 0
[2026-03-08 11:25:51] [561/1105] Princeton Natural Language Processing
[2026-03-08 11:25:53]   ⚠️  无法获取网站内容
[2026-03-08 11:25:53]   ⚠️  提取失败，保留原始数据
[2026-03-08 11:25:54] [561/1105] Tianyu Wang
[2026-03-08 11:25:55]   ⚠️  无法获取网站内容
[2026-03-08 11:25:55]   ⚠️  提取失败，保留原始数据
[2026-03-08 11:25:56] [561/1105] yiminghe
[2026-03-08 11:25:58]   ⚠️  无法获取网站内容
[2026-03-08 11:25:58]   ⚠️  提取失败，保留原始数据
[2026-03-08 11:25:58] [561/1105] None
[2026-03-08 11:25:58]   📄 使用已有网站内容 (6378 字符)
[2026-03-08 11:26:05]   ✅ 提取成功，质量分: 34
[2026-03-08 11:26:06] [562/1105] Thorsten Lorenz
[2026-03-08 11:26:08]   📥 重新爬取网站内容成功 (6 字符)
[2026-03-08 11:26:09]   ✅ 提取成功，质量分: 0
[2026-03-08 11:26:10] [563/1105] Tzu-Mao Li
[2026-03-08 11:26:11]   📥 重新爬取网站内容成功 (91 字符)
[2026-03-08 11:26:12]   ✅ 提取成功，质量分: 0
[2026-03-08 11:26:13] [564/1105] hcz
[2026-03-08 11:26:14]   📥 重新爬取网站内容成功 (64 字符)
[2026-03-08 11:26:15]   ✅ 提取成功，质量分: 0
[2026-03-08 11:26:16] [565/1105] Roy Binux
[2026-03-08 11:26:16]   📄 使用已有网站内容 (10014 字符)
[2026-03-08 11:26:27]   ✅ 提取成功，质量分: 45
[2026-03-08 11:26:28] [566/1105] Frank McSherry
[2026-03-08 11:26:29]   ⚠️  无法获取网站内容
[2026-03-08 11:26:29]   ⚠️  提取失败，保留原始数据
[2026-03-08 11:26:30] [566/1105] Yiheng Shu
[2026-03-08 11:26:31]   📥 重新爬取网站内容成功 (21 字符)
[2026-03-08 11:26:33]   ✅ 提取成功，质量分: 0
[2026-03-08 11:26:33] [567/1105] ⚡️ Lightning AI 
[2026-03-08 11:26:34]   📥 重新爬取网站内容成功 (59 字符)
[2026-03-08 11:26:36]   ✅ 提取成功，质量分: 0
[2026-03-08 11:26:36] [568/1105] NVIDIA Spatial Intelligence Lab (SIL)
[2026-03-08 11:26:38]   📥 重新爬取网站内容成功 (31 字符)
[2026-03-08 11:26:42]   ✅ 提取成功，质量分: 25
[2026-03-08 11:26:42] [569/1105] Geometry Collective
[2026-03-08 11:26:42]   📄 使用已有网站内容 (173 字符)
[2026-03-08 11:26:44]   ✅ 提取成功，质量分: 0
[2026-03-08 11:26:44] [570/1105] Hao He
[2026-03-08 11:26:47]   📥 重新爬取网站内容成功 (76 字符)
[2026-03-08 11:26:48]   ✅ 提取成功，质量分: 0
[2026-03-08 11:26:48] [571/1105] Guozhen (Lance) She
[2026-03-08 11:26:50]   📥 重新爬取网站内容成功 (36 字符)
[2026-03-08 11:26:51]   ✅ 提取成功，质量分: 0
[2026-03-08 11:26:52] [572/1105] Eren Gölge
[2026-03-08 11:26:52]   📄 使用已有网站内容 (1718 字符)
[2026-03-08 11:26:58]   ✅ 提取成功，质量分: 34
[2026-03-08 11:26:59] [573/1105] None
[2026-03-08 11:27:00]   📥 重新爬取网站内容成功 (17 字符)
[2026-03-08 11:27:02]   ✅ 提取成功，质量分: 0
[2026-03-08 11:27:02] [574/1105] Kyle McDonald
[2026-03-08 11:27:02]   📄 使用已有网站内容 (10014 字符)
[2026-03-08 11:27:16]   ✅ 提取成功，质量分: 65
[2026-03-08 11:27:16] [575/1105] Jeffrey Zhao
[2026-03-08 11:27:17]   📥 重新爬取网站内容成功 (33 字符)
[2026-03-08 11:27:20]   ✅ 提取成功，质量分: 0
[2026-03-08 11:27:20] [576/1105] Paul O’Shannessy
[2026-03-08 11:27:20]   📄 使用已有网站内容 (430 字符)
[2026-03-08 11:27:25]   ✅ 提取成功，质量分: 49
[2026-03-08 11:27:26] [577/1105] Andrew Nesbitt
[2026-03-08 11:27:26]   📄 使用已有网站内容 (5136 字符)
[2026-03-08 11:27:34]   ✅ 提取成功，质量分: 65
[2026-03-08 11:27:35] [578/1105] John-David Dalton
[2026-03-08 11:27:35]   📄 使用已有网站内容 (480 字符)
[2026-03-08 11:27:43]   ✅ 提取成功，质量分: 59
[2026-03-08 11:27:43] [579/1105] Hao Shi
[2026-03-08 11:27:44]   ⚠️  无法获取网站内容
[2026-03-08 11:27:44]   ⚠️  提取失败，保留原始数据
[2026-03-08 11:27:45] [579/1105] CVMart
[2026-03-08 11:27:48]   📥 重新爬取网站内容成功 (73 字符)
[2026-03-08 11:27:51]   ✅ 提取成功，质量分: 0
[2026-03-08 11:27:51] [580/1105] Zewen Chi
[2026-03-08 11:27:52]   📥 重新爬取网站内容成功 (20 字符)
[2026-03-08 11:27:54]   ✅ 提取成功，质量分: 0
[2026-03-08 11:27:54] [581/1105] SII - Generative Artificial Intelligence Research Lab (GAIR)
[2026-03-08 11:27:54]   📄 使用已有网站内容 (350 字符)
[2026-03-08 11:27:57]   ✅ 提取成功，质量分: 0
[2026-03-08 11:27:58] [582/1105] 芋道源码
[2026-03-08 11:27:58]   📄 使用已有网站内容 (1775 字符)
[2026-03-08 11:28:15]   ✅ 提取成功，质量分: 30
[2026-03-08 11:28:15] [583/1105] Steven
[2026-03-08 11:28:15]   📄 使用已有网站内容 (458 字符)
[2026-03-08 11:28:18]   ✅ 提取成功，质量分: 49
[2026-03-08 11:28:19] [584/1105] TZ | 天猪
[2026-03-08 11:28:20]   ⚠️  无法获取网站内容
[2026-03-08 11:28:20]   ⚠️  提取失败，保留原始数据
[2026-03-08 11:28:21] [584/1105] None
[2026-03-08 11:28:21]   📄 使用已有网站内容 (132 字符)
[2026-03-08 11:28:25]   ✅ 提取成功，质量分: 0
[2026-03-08 11:28:25] [585/1105] Karthik Narasimhan
[2026-03-08 11:28:26]   📥 重新爬取网站内容成功 (28 字符)
[2026-03-08 11:28:28]   ✅ 提取成功，质量分: 0
[2026-03-08 11:28:28] [586/1105] danfei
[2026-03-08 11:28:31]   📥 重新爬取网站内容成功 (53 字符)
[2026-03-08 11:28:34]   ✅ 提取成功，质量分: 0
[2026-03-08 11:28:34] [587/1105] Gul Varol
[2026-03-08 11:28:37]   ⚠️  无法获取网站内容
[2026-03-08 11:28:37]   ⚠️  提取失败，保留原始数据
[2026-03-08 11:28:38] [587/1105] 凌莞~(=^▽^=)
[2026-03-08 11:28:40]   📥 重新爬取网站内容成功 (67 字符)
[2026-03-08 11:28:41]   ✅ 提取成功，质量分: 0
[2026-03-08 11:28:41] [588/1105] azu
[2026-03-08 11:28:41]   📄 使用已有网站内容 (985 字符)
[2026-03-08 11:28:49]   ✅ 提取成功，质量分: 45
[2026-03-08 11:28:50] [589/1105] Thang Luong
[2026-03-08 11:28:51]   📥 重新爬取网站内容成功 (90 字符)
[2026-03-08 11:28:53]   ✅ 提取成功，质量分: 0
[2026-03-08 11:28:53] [590/1105] Paige Bailey
[2026-03-08 11:28:56]   📥 重新爬取网站内容成功 (70 字符)
[2026-03-08 11:28:59]   ✅ 提取成功，质量分: 0
[2026-03-08 11:28:59] [591/1105] Wan
[2026-03-08 11:29:01]   📥 重新爬取网站内容成功 (41 字符)
[2026-03-08 11:29:04]   ✅ 提取成功，质量分: 0
[2026-03-08 11:29:05] [592/1105] DingDing
[2026-03-08 11:29:05]   📄 使用已有网站内容 (123 字符)
[2026-03-08 11:29:06]   ✅ 提取成功，质量分: 0
[2026-03-08 11:29:07] [593/1105] Robbyant
[2026-03-08 11:29:08]   ⚠️  无法获取网站内容
[2026-03-08 11:29:08]   ⚠️  提取失败，保留原始数据
[2026-03-08 11:29:09] [593/1105] Gyeongsik Moon
[2026-03-08 11:29:10]   📥 重新爬取网站内容成功 (14 字符)
[2026-03-08 11:29:11]   ✅ 提取成功，质量分: 0
[2026-03-08 11:29:12] [594/1105] Michael Luo
[2026-03-08 11:29:13]   📥 重新爬取网站内容成功 (93 字符)
[2026-03-08 11:29:15]   ✅ 提取成功，质量分: 0
[2026-03-08 11:29:15] [595/1105] DonglaiFu
[2026-03-08 11:29:17]   📥 重新爬取网站内容成功 (40 字符)
[2026-03-08 11:29:18]   ✅ 提取成功，质量分: 0
[2026-03-08 11:29:18] [596/1105] Xin Liu
[2026-03-08 11:29:18]   📄 使用已有网站内容 (2126 字符)
[2026-03-08 11:29:23]   ✅ 提取成功，质量分: 10
[2026-03-08 11:29:23] [597/1105] hzlzh
[2026-03-08 11:29:26]   ⚠️  无法获取网站内容
[2026-03-08 11:29:26]   ⚠️  提取失败，保留原始数据
[2026-03-08 11:29:26] [597/1105] PJ Hyett
[2026-03-08 11:29:28]   📥 重新爬取网站内容成功 (51 字符)
[2026-03-08 11:29:32]   ✅ 提取成功，质量分: 40
[2026-03-08 11:29:33] [598/1105] Evan Czaplicki
[2026-03-08 11:29:35]   📥 重新爬取网站内容成功 (4 字符)
[2026-03-08 11:29:36]   ✅ 提取成功，质量分: 0
[2026-03-08 11:29:36] [599/1105] Jizhizi Li
[2026-03-08 11:29:38]   📥 重新爬取网站内容成功 (67 字符)
[2026-03-08 11:29:39]   ✅ 提取成功，质量分: 0
[2026-03-08 11:29:40] [600/1105] Ying Zhong
[2026-03-08 11:29:40]   📄 使用已有网站内容 (452 字符)
[2026-03-08 11:29:45]   ✅ 提取成功，质量分: 35
[2026-03-08 11:29:46] [601/1105] OpenMOSS (SII)
[2026-03-08 11:29:48]   ⚠️  无法获取网站内容
[2026-03-08 11:29:48]   ⚠️  提取失败，保留原始数据
[2026-03-08 11:29:49] [601/1105] Qun Liu
[2026-03-08 11:29:49]   📄 使用已有网站内容 (150 字符)
[2026-03-08 11:29:52]   ✅ 提取成功，质量分: 8
[2026-03-08 11:29:53] [602/1105] Parag K Mital
[2026-03-08 11:29:53]   📄 使用已有网站内容 (5945 字符)
[2026-03-08 11:30:02]   ✅ 提取成功，质量分: 65
[2026-03-08 11:30:02] [603/1105] Ruojin Cai
[2026-03-08 11:30:04]   📥 重新爬取网站内容成功 (96 字符)
[2026-03-08 11:30:06]   ✅ 提取成功，质量分: 0
[2026-03-08 11:30:06] [604/1105] Joseph Lim
[2026-03-08 11:30:11]   📥 重新爬取网站内容成功 (45 字符)
[2026-03-08 11:30:13]   ✅ 提取成功，质量分: 0
[2026-03-08 11:30:13] [605/1105] Xin Jin
[2026-03-08 11:30:13]   📄 使用已有网站内容 (2342 字符)
[2026-03-08 11:30:22]   ✅ 提取成功，质量分: 73
[2026-03-08 11:30:23] [606/1105] Jeff Rasley
[2026-03-08 11:30:24]   📥 重新爬取网站内容成功 (25 字符)
[2026-03-08 11:30:26]   ✅ 提取成功，质量分: 0
[2026-03-08 11:30:26] [607/1105] Datawhale
[2026-03-08 11:30:28]   📥 重新爬取网站内容成功 (20 字符)
[2026-03-08 11:30:30]   ✅ 提取成功，质量分: 0
[2026-03-08 11:30:31] [608/1105] Medcl
[2026-03-08 11:30:33]   📥 重新爬取网站内容成功 (54 字符)
[2026-03-08 11:30:34]   ✅ 提取成功，质量分: 0
[2026-03-08 11:30:34] [609/1105] Luke Edwards
[2026-03-08 11:30:36]   📥 重新爬取网站内容成功 (69 字符)
[2026-03-08 11:30:39]   ✅ 提取成功，质量分: 31
[2026-03-08 11:30:40] [610/1105] Tao Wen
[2026-03-08 11:30:41]   📥 重新爬取网站内容成功 (14 字符)
[2026-03-08 11:30:42]   ✅ 提取成功，质量分: 0
[2026-03-08 11:30:43] [611/1105] Sebastian Thiel
[2026-03-08 11:30:43]   📄 使用已有网站内容 (1826 字符)
[2026-03-08 11:30:46]   ✅ 提取成功，质量分: 27
[2026-03-08 11:30:46] [612/1105] None
[2026-03-08 11:30:49]   📥 重新爬取网站内容成功 (84 字符)
[2026-03-08 11:30:52]   ✅ 提取成功，质量分: 6
[2026-03-08 11:30:53] [613/1105] 郭飞
[2026-03-08 11:30:53]   📄 使用已有网站内容 (10014 字符)
[2026-03-08 11:31:10]   ✅ 提取成功，质量分: 35
[2026-03-08 11:31:10] [614/1105] Xingyi He
[2026-03-08 11:31:12]   📥 重新爬取网站内容成功 (30 字符)
[2026-03-08 11:31:13]   ✅ 提取成功，质量分: 0
[2026-03-08 11:31:13] [615/1105] Tim Shi
[2026-03-08 11:31:13]   📄 使用已有网站内容 (191 字符)
[2026-03-08 11:31:15]   ✅ 提取成功，质量分: 0
[2026-03-08 11:31:15] [616/1105] Hannes Stärk
[2026-03-08 11:31:17]   📥 重新爬取网站内容成功 (12 字符)
[2026-03-08 11:31:18]   ✅ 提取成功，质量分: 0
[2026-03-08 11:31:18] [617/1105] Tim Qian
[2026-03-08 11:31:20]   📥 重新爬取网站内容成功 (31 字符)
[2026-03-08 11:31:21]   ✅ 提取成功，质量分: 0
[2026-03-08 11:31:22] [618/1105] Xiaodong Cun
[2026-03-08 11:31:23]   📥 重新爬取网站内容成功 (5 字符)
[2026-03-08 11:31:24]   ✅ 提取成功，质量分: 0
[2026-03-08 11:31:25] [619/1105] Bernard Tan
[2026-03-08 11:31:27]   📥 重新爬取网站内容成功 (95 字符)
[2026-03-08 11:31:28]   ✅ 提取成功，质量分: 0
[2026-03-08 11:31:29] [620/1105] Max Schoening
[2026-03-08 11:31:29]   📄 使用已有网站内容 (807 字符)
[2026-03-08 11:31:37]   ✅ 提取成功，质量分: 65
[2026-03-08 11:31:37] [621/1105] Trebor Huang
[2026-03-08 11:31:39]   📥 重新爬取网站内容成功 (42 字符)
[2026-03-08 11:31:40]   ✅ 提取成功，质量分: 0
[2026-03-08 11:31:41] [622/1105] Nikita
[2026-03-08 11:31:42]   📥 重新爬取网站内容成功 (17 字符)
[2026-03-08 11:31:44]   ✅ 提取成功，质量分: 0
[2026-03-08 11:31:44] [623/1105] ModelScope
[2026-03-08 11:31:45]   📥 重新爬取网站内容成功 (15 字符)
[2026-03-08 11:31:46]   ✅ 提取成功，质量分: 0
[2026-03-08 11:31:46] [624/1105] samy kamkar
[2026-03-08 11:31:49]   📥 重新爬取网站内容成功 (19 字符)
[2026-03-08 11:31:50]   ✅ 提取成功，质量分: 0
[2026-03-08 11:31:51] [625/1105] 开源中国
[2026-03-08 11:31:51]   📥 重新爬取网站内容成功 (27 字符)
[2026-03-08 11:31:52]   ✅ 提取成功，质量分: 0
[2026-03-08 11:31:53] [626/1105] chybeta
[2026-03-08 11:31:54]   📥 重新爬取网站内容成功 (31 字符)
[2026-03-08 11:31:56]   ✅ 提取成功，质量分: 0
[2026-03-08 11:31:56] [627/1105] Kevin
[2026-03-08 11:31:56]   📄 使用已有网站内容 (1075 字符)
[2026-03-08 11:32:02]   ✅ 提取成功，质量分: 34
[2026-03-08 11:32:03] [628/1105] Linus Lee
[2026-03-08 11:32:03]   📄 使用已有网站内容 (2799 字符)
[2026-03-08 11:32:16]   ✅ 提取成功，质量分: 89
[2026-03-08 11:32:16] [629/1105] Jason Yu
[2026-03-08 11:32:18]   📥 重新爬取网站内容成功 (55 字符)
[2026-03-08 11:32:19]   ✅ 提取成功，质量分: 0
[2026-03-08 11:32:20] [630/1105] Eliza Weisman
[2026-03-08 11:32:20]   📄 使用已有网站内容 (4326 字符)
[2026-03-08 11:32:28]   ✅ 提取成功，质量分: 65
[2026-03-08 11:32:29] [631/1105] 郑诚 (Cheng Zheng)
[2026-03-08 11:32:29]   📄 使用已有网站内容 (962 字符)
[2026-03-08 11:32:37]   ✅ 提取成功，质量分: 34
[2026-03-08 11:32:37] [632/1105] Stone Tao
[2026-03-08 11:32:39]   📥 重新爬取网站内容成功 (57 字符)
[2026-03-08 11:32:40]   ✅ 提取成功，质量分: 0
[2026-03-08 11:32:41] [633/1105] Stephen Belanger
[2026-03-08 11:32:42]   📥 重新爬取网站内容成功 (61 字符)
[2026-03-08 11:32:45]   ✅ 提取成功，质量分: 0
[2026-03-08 11:32:45] [634/1105] Yale Song
[2026-03-08 11:32:48]   📥 重新爬取网站内容成功 (21 字符)
[2026-03-08 11:32:51]   ✅ 提取成功，质量分: 25
[2026-03-08 11:32:52] [635/1105] Ginés Hidalgo
[2026-03-08 11:32:54]   ⚠️  无法获取网站内容
[2026-03-08 11:32:54]   ⚠️  提取失败，保留原始数据
[2026-03-08 11:32:54] [635/1105] Yan Chunwei
[2026-03-08 11:32:57]   📥 重新爬取网站内容成功 (82 字符)
[2026-03-08 11:32:58]   ✅ 提取成功，质量分: 0
[2026-03-08 11:32:59] [636/1105] Bryan Catanzaro
[2026-03-08 11:33:00]   📥 重新爬取网站内容成功 (1 字符)
[2026-03-08 11:33:01]   ✅ 提取成功，质量分: 0
[2026-03-08 11:33:02] [637/1105] Xinyu (Shea) Zhang
[2026-03-08 11:33:03]   📥 重新爬取网站内容成功 (12 字符)
[2026-03-08 11:33:05]   ✅ 提取成功，质量分: 0
[2026-03-08 11:33:05] [638/1105] Matias Insaurralde
[2026-03-08 11:33:05]   📄 使用已有网站内容 (4175 字符)
[2026-03-08 11:33:14]   ✅ 提取成功，质量分: 65
[2026-03-08 11:33:15] [639/1105] Vladimir Iashin
[2026-03-08 11:33:17]   ⚠️  无法获取网站内容
[2026-03-08 11:33:17]   ⚠️  提取失败，保留原始数据
[2026-03-08 11:33:18] [639/1105] Yun Tang
[2026-03-08 11:33:20]   📥 重新爬取网站内容成功 (14 字符)
[2026-03-08 11:33:21]   ✅ 提取成功，质量分: 0
[2026-03-08 11:33:22] [640/1105] José Moreira
[2026-03-08 11:33:23]   📥 重新爬取网站内容成功 (5 字符)
[2026-03-08 11:33:25]   ✅ 提取成功，质量分: 0
[2026-03-08 11:33:25] [641/1105] Kuitos
[2026-03-08 11:33:26]   📥 重新爬取网站内容成功 (13 字符)
[2026-03-08 11:33:28]   ✅ 提取成功，质量分: 0
[2026-03-08 11:33:28] [642/1105] RuQing Xu
[2026-03-08 11:33:30]   📥 重新爬取网站内容成功 (88 字符)
[2026-03-08 11:33:33]   ✅ 提取成功，质量分: 25
[2026-03-08 11:33:33] [643/1105] Salesforce
[2026-03-08 11:33:35]   ⚠️  无法获取网站内容
[2026-03-08 11:33:35]   ⚠️  提取失败，保留原始数据
[2026-03-08 11:33:35] [643/1105] Meta Llama
[2026-03-08 11:33:39]   📥 重新爬取网站内容成功 (40 字符)
[2026-03-08 11:33:42]   ✅ 提取成功，质量分: 0
[2026-03-08 11:33:42] [644/1105] Zhipeng Xu
[2026-03-08 11:33:45]   ⚠️  无法获取网站内容
[2026-03-08 11:33:45]   ⚠️  提取失败，保留原始数据
[2026-03-08 11:33:46] [644/1105] Tong Zhu (朱桐)
[2026-03-08 11:33:47]   📥 重新爬取网站内容成功 (19 字符)
[2026-03-08 11:33:49]   ✅ 提取成功，质量分: 0
[2026-03-08 11:33:49] [645/1105] Zhankui He
[2026-03-08 11:33:50]   📥 重新爬取网站内容成功 (97 字符)
[2026-03-08 11:33:52]   ✅ 提取成功，质量分: 0
[2026-03-08 11:33:52] [646/1105] Scott Linderman
[2026-03-08 11:33:58]   📥 重新爬取网站内容成功 (84 字符)
[2026-03-08 11:33:59]   ✅ 提取成功，质量分: 0
[2026-03-08 11:34:00] [647/1105] Ranjit Jhala
[2026-03-08 11:34:04]   ⚠️  无法获取网站内容
[2026-03-08 11:34:04]   ⚠️  提取失败，保留原始数据
[2026-03-08 11:34:05] [647/1105] Lingen Li
[2026-03-08 11:34:06]   📥 重新爬取网站内容成功 (15 字符)
[2026-03-08 11:34:07]   ✅ 提取成功，质量分: 0
[2026-03-08 11:34:08] [648/1105] Peter Ammon
[2026-03-08 11:34:10]   📥 重新爬取网站内容成功 (65 字符)
[2026-03-08 11:34:15]   ✅ 提取成功，质量分: 31
[2026-03-08 11:34:15] [649/1105] Tienson Qin
[2026-03-08 11:34:16]   📥 重新爬取网站内容成功 (51 字符)
[2026-03-08 11:34:18]   ✅ 提取成功，质量分: 0
[2026-03-08 11:34:18] [650/1105] Yener
[2026-03-08 11:34:19]   📥 重新爬取网站内容成功 (18 字符)
[2026-03-08 11:34:20]   ✅ 提取成功，质量分: 0
[2026-03-08 11:34:21] [651/1105] Daniel Spiewak
[2026-03-08 11:34:22]   📥 重新爬取网站内容成功 (40 字符)
[2026-03-08 11:34:24]   ✅ 提取成功，质量分: 0
[2026-03-08 11:34:24] [652/1105] Max Zhaoshuo Li 李赵硕
[2026-03-08 11:34:25]   📥 重新爬取网站内容成功 (10 字符)
[2026-03-08 11:34:28]   ✅ 提取成功，质量分: 0
[2026-03-08 11:34:29] [653/1105] Tao Shen
[2026-03-08 11:34:30]   📥 重新爬取网站内容成功 (15 字符)
[2026-03-08 11:34:31]   ✅ 提取成功，质量分: 0
[2026-03-08 11:34:32] [654/1105] 3D AIGC
[2026-03-08 11:34:32]   📥 重新爬取网站内容成功 (15 字符)
[2026-03-08 11:34:34]   ✅ 提取成功，质量分: 0
[2026-03-08 11:34:35] [655/1105] Sharad Vikram
[2026-03-08 11:34:38]   📥 重新爬取网站内容成功 (60 字符)
[2026-03-08 11:34:40]   ✅ 提取成功，质量分: 0
[2026-03-08 11:34:40] [656/1105] Jean-François Puget
[2026-03-08 11:34:41]   📥 重新爬取网站内容成功 (13 字符)
[2026-03-08 11:34:43]   ✅ 提取成功，质量分: 0
[2026-03-08 11:34:43] [657/1105] Sarath Shekkizhar
[2026-03-08 11:34:45]   📥 重新爬取网站内容成功 (41 字符)
[2026-03-08 11:34:47]   ✅ 提取成功，质量分: 0
[2026-03-08 11:34:47] [658/1105] Lei Ke
[2026-03-08 11:34:50]   📥 重新爬取网站内容成功 (19 字符)
[2026-03-08 11:34:52]   ✅ 提取成功，质量分: 0
[2026-03-08 11:34:53] [659/1105] Yonatan Bisk
[2026-03-08 11:34:55]   ⚠️  无法获取网站内容
[2026-03-08 11:34:55]   ⚠️  提取失败，保留原始数据
[2026-03-08 11:34:56] [659/1105] Hongyin Luo
[2026-03-08 11:34:58]   ⚠️  无法获取网站内容
[2026-03-08 11:34:58]   ⚠️  提取失败，保留原始数据
[2026-03-08 11:34:59] [659/1105] None
[2026-03-08 11:34:59]   ⚠️  无法获取网站内容
[2026-03-08 11:34:59]   ⚠️  提取失败，保留原始数据
[2026-03-08 11:34:59] [659/1105] Jinghuan Shang
[2026-03-08 11:35:01]   📥 重新爬取网站内容成功 (39 字符)
[2026-03-08 11:35:04]   ✅ 提取成功，质量分: 0
[2026-03-08 11:35:05] [660/1105] Ray
[2026-03-08 11:35:05]   📄 使用已有网站内容 (4258 字符)
[2026-03-08 11:35:13]   ✅ 提取成功，质量分: 34
[2026-03-08 11:35:14] [661/1105] Guohong Mu
[2026-03-08 11:35:16]   📥 重新爬取网站内容成功 (14 字符)
[2026-03-08 11:35:18]   ✅ 提取成功，质量分: 0
[2026-03-08 11:35:19] [662/1105] tanjiti
[2026-03-08 11:35:19]   📥 重新爬取网站内容成功 (20 字符)
[2026-03-08 11:35:20]   ✅ 提取成功，质量分: 0
[2026-03-08 11:35:21] [663/1105] Intern Science
[2026-03-08 11:35:22]   ⚠️  无法获取网站内容
[2026-03-08 11:35:22]   ⚠️  提取失败，保留原始数据
[2026-03-08 11:35:22] [663/1105] Keyan Zhang
[2026-03-08 11:35:24]   📥 重新爬取网站内容成功 (34 字符)
[2026-03-08 11:35:25]   ✅ 提取成功，质量分: 0
[2026-03-08 11:35:26] [664/1105] Miles Macklin
[2026-03-08 11:35:27]   ⚠️  无法获取网站内容
[2026-03-08 11:35:27]   ⚠️  提取失败，保留原始数据
[2026-03-08 11:35:27] [664/1105] Shangyan Zhou
[2026-03-08 11:35:29]   📥 重新爬取网站内容成功 (14 字符)
[2026-03-08 11:35:30]   ✅ 提取成功，质量分: 0
[2026-03-08 11:35:31] [665/1105] Jianbo Chen
[2026-03-08 11:35:32]   📥 重新爬取网站内容成功 (89 字符)
[2026-03-08 11:35:35]   ✅ 提取成功，质量分: 0
[2026-03-08 11:35:35] [666/1105] THU CS Lab
[2026-03-08 11:35:35]   📥 重新爬取网站内容成功 (16 字符)
[2026-03-08 11:35:39]   ✅ 提取成功，质量分: 0
[2026-03-08 11:35:39] [667/1105] John Ousterhout
[2026-03-08 11:35:41]   📥 重新爬取网站内容成功 (93 字符)
[2026-03-08 11:35:42]   ✅ 提取成功，质量分: 0
[2026-03-08 11:35:43] [668/1105] NeuLab
[2026-03-08 11:35:44]   📥 重新爬取网站内容成功 (82 字符)
[2026-03-08 11:35:47]   ✅ 提取成功，质量分: 0
[2026-03-08 11:35:48] [669/1105] Silvia Sellán
[2026-03-08 11:35:49]   📥 重新爬取网站内容成功 (76 字符)
[2026-03-08 11:35:50]   ✅ 提取成功，质量分: 0
[2026-03-08 11:35:51] [670/1105] None
[2026-03-08 11:35:52]   📥 重新爬取网站内容成功 (2 字符)
[2026-03-08 11:35:53]   ✅ 提取成功，质量分: 0
[2026-03-08 11:35:54] [671/1105] LIU Hao
[2026-03-08 11:35:54]   📥 重新爬取网站内容成功 (50 字符)
[2026-03-08 11:35:56]   ✅ 提取成功，质量分: 0
[2026-03-08 11:35:56] [672/1105] 彭震东
[2026-03-08 11:35:56]   📄 使用已有网站内容 (461 字符)
[2026-03-08 11:36:00]   ✅ 提取成功，质量分: 39
[2026-03-08 11:36:00] [673/1105] Yifan Gao
[2026-03-08 11:36:00]   📄 使用已有网站内容 (10014 字符)
[2026-03-08 11:36:07]   ✅ 提取成功，质量分: 34
[2026-03-08 11:36:07] [674/1105] Vincent Weevers
[2026-03-08 11:36:10]   📥 重新爬取网站内容成功 (95 字符)
[2026-03-08 11:36:14]   ✅ 提取成功，质量分: 25
[2026-03-08 11:36:14] [675/1105] MonKey Li
[2026-03-08 11:36:17]   📥 重新爬取网站内容成功 (69 字符)
[2026-03-08 11:36:20]   ✅ 提取成功，质量分: 20
[2026-03-08 11:36:21] [676/1105] nyovelt
[2026-03-08 11:36:22]   📥 重新爬取网站内容成功 (17 字符)
[2026-03-08 11:36:24]   ✅ 提取成功，质量分: 0
[2026-03-08 11:36:24] [677/1105] Vijay Vasudevan
[2026-03-08 11:36:25]   📥 重新爬取网站内容成功 (69 字符)
[2026-03-08 11:36:28]   ✅ 提取成功，质量分: 0
[2026-03-08 11:36:29] [678/1105] April Yi Wang
[2026-03-08 11:36:30]   📥 重新爬取网站内容成功 (52 字符)
[2026-03-08 11:36:34]   ✅ 提取成功，质量分: 49
[2026-03-08 11:36:35] [679/1105] Jesse Mu
[2026-03-08 11:36:37]   📥 重新爬取网站内容成功 (44 字符)
[2026-03-08 11:36:38]   ✅ 提取成功，质量分: 0
[2026-03-08 11:36:38] [680/1105] Yihe Deng
[2026-03-08 11:36:40]   📥 重新爬取网站内容成功 (95 字符)
[2026-03-08 11:36:41]   ✅ 提取成功，质量分: 0
[2026-03-08 11:36:42] [681/1105] Chance Jiajie Li
[2026-03-08 11:36:43]   📥 重新爬取网站内容成功 (24 字符)
[2026-03-08 11:36:45]   ✅ 提取成功，质量分: 0
[2026-03-08 11:36:46] [682/1105] HKU NLP Group
[2026-03-08 11:36:49]   📥 重新爬取网站内容成功 (13 字符)
[2026-03-08 11:36:52]   ✅ 提取成功，质量分: 0
[2026-03-08 11:36:52] [683/1105] Databricks
[2026-03-08 11:36:52]   📄 使用已有网站内容 (10014 字符)
[2026-03-08 11:36:58]   ✅ 提取成功，质量分: 34
[2026-03-08 11:36:58] [684/1105] OpenDataLab
[2026-03-08 11:36:59]   📥 重新爬取网站内容成功 (29 字符)
[2026-03-08 11:37:02]   ✅ 提取成功，质量分: 0
[2026-03-08 11:37:02] [685/1105] Yukari Chiba
[2026-03-08 11:37:04]   📥 重新爬取网站内容成功 (2 字符)
[2026-03-08 11:37:05]   ✅ 提取成功，质量分: 0
[2026-03-08 11:37:05] [686/1105] YUAN, Zhihao
[2026-03-08 11:37:05]   📄 使用已有网站内容 (6182 字符)
[2026-03-08 11:37:16]   ✅ 提取成功，质量分: 34
[2026-03-08 11:37:16] [687/1105] Valerio Velardo
[2026-03-08 11:37:18]   📥 重新爬取网站内容成功 (23 字符)
[2026-03-08 11:37:19]   ✅ 提取成功，质量分: 0
[2026-03-08 11:37:20] [688/1105] Yifei Zhang
[2026-03-08 11:37:23]   📥 重新爬取网站内容成功 (61 字符)
[2026-03-08 11:37:24]   ✅ 提取成功，质量分: 0
[2026-03-08 11:37:25] [689/1105] None
[2026-03-08 11:37:27]   📥 重新爬取网站内容成功 (92 字符)
[2026-03-08 11:37:29]   ✅ 提取成功，质量分: 0
[2026-03-08 11:37:29] [690/1105] 三咲雅 misaki masa
[2026-03-08 11:37:29]   📄 使用已有网站内容 (2200 字符)
[2026-03-08 11:37:36]   ✅ 提取成功，质量分: 34
[2026-03-08 11:37:36] [691/1105] Samuel Colvin
[2026-03-08 11:37:36]   📄 使用已有网站内容 (10014 字符)
[2026-03-08 11:37:44]   ✅ 提取成功，质量分: 30
[2026-03-08 11:37:45] [692/1105] Patrick Collison
[2026-03-08 11:37:45]   📄 使用已有网站内容 (180 字符)
[2026-03-08 11:37:46]   ✅ 提取成功，质量分: 0
[2026-03-08 11:37:47] [693/1105] Daishi Kato
[2026-03-08 11:37:49]   📥 重新爬取网站内容成功 (35 字符)
[2026-03-08 11:37:53]   ✅ 提取成功，质量分: 0
[2026-03-08 11:37:53] [694/1105] Mariusz Nowak
[2026-03-08 11:37:55]   📥 重新爬取网站内容成功 (86 字符)
[2026-03-08 11:37:58]   ✅ 提取成功，质量分: 27
[2026-03-08 11:37:59] [695/1105] Vince
[2026-03-08 11:38:02]   📥 重新爬取网站内容成功 (64 字符)
[2026-03-08 11:38:03]   ✅ 提取成功，质量分: 0
[2026-03-08 11:38:04] [696/1105] Lirian Su
[2026-03-08 11:38:04]   📄 使用已有网站内容 (2829 字符)
[2026-03-08 11:38:16]   ✅ 提取成功，质量分: 69
[2026-03-08 11:38:17] [697/1105] Jin Mingjian
[2026-03-08 11:38:18]   ⚠️  无法获取网站内容
[2026-03-08 11:38:18]   ⚠️  提取失败，保留原始数据
[2026-03-08 11:38:19] [697/1105] Kui Wu
[2026-03-08 11:38:21]   ⚠️  无法获取网站内容
[2026-03-08 11:38:21]   ⚠️  提取失败，保留原始数据
[2026-03-08 11:38:22] [697/1105] smallfish
[2026-03-08 11:38:22]   📄 使用已有网站内容 (1090 字符)
[2026-03-08 11:38:27]   ✅ 提取成功，质量分: 39
[2026-03-08 11:38:28] [698/1105] Xu SUN
[2026-03-08 11:38:29]   📥 重新爬取网站内容成功 (10 字符)
[2026-03-08 11:38:31]   ✅ 提取成功，质量分: 0
[2026-03-08 11:38:31] [699/1105] Christoph Molnar
[2026-03-08 11:38:33]   📥 重新爬取网站内容成功 (92 字符)
[2026-03-08 11:38:34]   ✅ 提取成功，质量分: 0
[2026-03-08 11:38:35] [700/1105] Neal Fultz
[2026-03-08 11:38:36]   📥 重新爬取网站内容成功 (54 字符)
[2026-03-08 11:38:38]   ✅ 提取成功，质量分: 0
[2026-03-08 11:38:38] [701/1105] Zhimin Lin
[2026-03-08 11:38:40]   📥 重新爬取网站内容成功 (15 字符)
[2026-03-08 11:38:41]   ✅ 提取成功，质量分: 0
[2026-03-08 11:38:41] [702/1105] 一丝
[2026-03-08 11:38:44]   📥 重新爬取网站内容成功 (18 字符)
[2026-03-08 11:38:46]   ✅ 提取成功，质量分: 0
[2026-03-08 11:38:46] [703/1105] Xingjun Ma
[2026-03-08 11:38:48]   📥 重新爬取网站内容成功 (75 字符)
[2026-03-08 11:38:49]   ✅ 提取成功，质量分: 0
[2026-03-08 11:38:50] [704/1105] Wei Fang
[2026-03-08 11:38:51]   📥 重新爬取网站内容成功 (90 字符)
[2026-03-08 11:38:53]   ✅ 提取成功，质量分: 0
[2026-03-08 11:38:53] [705/1105] Urinx
[2026-03-08 11:38:54]   ⚠️  无法获取网站内容
[2026-03-08 11:38:54]   ⚠️  提取失败，保留原始数据
[2026-03-08 11:38:55] [705/1105] Nick
[2026-03-08 11:38:55]   📄 使用已有网站内容 (1438 字符)
[2026-03-08 11:39:01]   ✅ 提取成功，质量分: 34
[2026-03-08 11:39:02] [706/1105] None
[2026-03-08 11:39:02]   📄 使用已有网站内容 (336 字符)
[2026-03-08 11:39:06]   ✅ 提取成功，质量分: 15
[2026-03-08 11:39:06] [707/1105] Dmitry Soshnikov
[2026-03-08 11:39:11]   ⚠️  无法获取网站内容
[2026-03-08 11:39:11]   ⚠️  提取失败，保留原始数据
[2026-03-08 11:39:11] [707/1105] JetBrains
[2026-03-08 11:39:15]   📥 重新爬取网站内容成功 (35 字符)
[2026-03-08 11:39:16]   ✅ 提取成功，质量分: 0
[2026-03-08 11:39:16] [708/1105] Xiaodong Yang
[2026-03-08 11:39:18]   📥 重新爬取网站内容成功 (14 字符)
[2026-03-08 11:39:19]   ✅ 提取成功，质量分: 0
[2026-03-08 11:39:20] [709/1105] Ma Zi'ang
[2026-03-08 11:39:21]   📥 重新爬取网站内容成功 (29 字符)
[2026-03-08 11:39:22]   ✅ 提取成功，质量分: 0
[2026-03-08 11:39:23] [710/1105] SHI Labs
[2026-03-08 11:39:25]   📥 重新爬取网站内容成功 (55 字符)
[2026-03-08 11:39:26]   ✅ 提取成功，质量分: 0
[2026-03-08 11:39:26] [711/1105] Chongyu Zhu
[2026-03-08 11:39:28]   📥 重新爬取网站内容成功 (11 字符)
[2026-03-08 11:39:29]   ✅ 提取成功，质量分: 0
[2026-03-08 11:39:30] [712/1105] MiniMax
[2026-03-08 11:39:30]   📄 使用已有网站内容 (5238 字符)
[2026-03-08 11:39:37]   ✅ 提取成功，质量分: 35
[2026-03-08 11:39:38] [713/1105] Bryan Clark
[2026-03-08 11:39:39]   📥 重新爬取网站内容成功 (38 字符)
[2026-03-08 11:39:42]   ✅ 提取成功，质量分: 0
[2026-03-08 11:39:42] [714/1105] None
[2026-03-08 11:39:44]   📥 重新爬取网站内容成功 (77 字符)
[2026-03-08 11:39:45]   ✅ 提取成功，质量分: 0
[2026-03-08 11:39:45] [715/1105] meton-robean
[2026-03-08 11:39:45]   📄 使用已有网站内容 (992 字符)
[2026-03-08 11:39:52]   ✅ 提取成功，质量分: 38
[2026-03-08 11:39:52] [716/1105] David Braun
[2026-03-08 11:39:54]   ⚠️  无法获取网站内容
[2026-03-08 11:39:54]   ⚠️  提取失败，保留原始数据
[2026-03-08 11:39:54] [716/1105] Atum
[2026-03-08 11:39:56]   📥 重新爬取网站内容成功 (29 字符)
[2026-03-08 11:39:58]   ✅ 提取成功，质量分: 0
[2026-03-08 11:39:58] [717/1105] None
[2026-03-08 11:39:59]   📥 重新爬取网站内容成功 (19 字符)
[2026-03-08 11:40:00]   ✅ 提取成功，质量分: 0
[2026-03-08 11:40:00] [718/1105] Azalea
[2026-03-08 11:40:02]   📥 重新爬取网站内容成功 (4 字符)
[2026-03-08 11:40:03]   ✅ 提取成功，质量分: 0
[2026-03-08 11:40:04] [719/1105] Jaehyeon Kim
[2026-03-08 11:40:05]   📥 重新爬取网站内容成功 (12 字符)
[2026-03-08 11:40:07]   ✅ 提取成功，质量分: 0
[2026-03-08 11:40:07] [720/1105] David Charatan
[2026-03-08 11:40:09]   📥 重新爬取网站内容成功 (61 字符)
[2026-03-08 11:40:10]   ✅ 提取成功，质量分: 0
[2026-03-08 11:40:11] [721/1105] None
[2026-03-08 11:40:12]   📥 重新爬取网站内容成功 (23 字符)
[2026-03-08 11:40:14]   ✅ 提取成功，质量分: 0
[2026-03-08 11:40:14] [722/1105] Ziyang Li
[2026-03-08 11:40:16]   📥 重新爬取网站内容成功 (34 字符)
[2026-03-08 11:40:17]   ✅ 提取成功，质量分: 0
[2026-03-08 11:40:17] [723/1105] Subject_No_i
[2026-03-08 11:40:20]   📥 重新爬取网站内容成功 (74 字符)
[2026-03-08 11:40:21]   ✅ 提取成功，质量分: 0
[2026-03-08 11:40:21] [724/1105] neutronest
[2026-03-08 11:40:21]   📄 使用已有网站内容 (2503 字符)
[2026-03-08 11:40:29]   ✅ 提取成功，质量分: 47
[2026-03-08 11:40:30] [725/1105] wu aoxiang
[2026-03-08 11:40:31]   📥 重新爬取网站内容成功 (6 字符)
[2026-03-08 11:40:33]   ✅ 提取成功，质量分: 0
[2026-03-08 11:40:33] [726/1105] Daniele Panozzo
[2026-03-08 11:40:35]   ⚠️  无法获取网站内容
[2026-03-08 11:40:35]   ⚠️  提取失败，保留原始数据
[2026-03-08 11:40:36] [726/1105] Gary Guo
[2026-03-08 11:40:38]   📥 重新爬取网站内容成功 (11 字符)
[2026-03-08 11:40:39]   ✅ 提取成功，质量分: 0
[2026-03-08 11:40:40] [727/1105] totoroyyw
[2026-03-08 11:40:41]   📥 重新爬取网站内容成功 (56 字符)
[2026-03-08 11:40:42]   ✅ 提取成功，质量分: 0
[2026-03-08 11:40:43] [728/1105] SeungHeon Doh
[2026-03-08 11:40:44]   📥 重新爬取网站内容成功 (93 字符)
[2026-03-08 11:40:49]   ✅ 提取成功，质量分: 49
[2026-03-08 11:40:50] [729/1105] Fuxu Liu
[2026-03-08 11:40:51]   📥 重新爬取网站内容成功 (13 字符)
[2026-03-08 11:40:52]   ✅ 提取成功，质量分: 0
[2026-03-08 11:40:53] [730/1105] Yuxuan BIAN
[2026-03-08 11:40:54]   📥 重新爬取网站内容成功 (10 字符)
[2026-03-08 11:40:56]   ✅ 提取成功，质量分: 0
[2026-03-08 11:40:56] [731/1105] Lisa Dunlap
[2026-03-08 11:40:58]   📥 重新爬取网站内容成功 (58 字符)
[2026-03-08 11:40:59]   ✅ 提取成功，质量分: 0
[2026-03-08 11:41:00] [732/1105] szzhiyang
[2026-03-08 11:41:00]   📄 使用已有网站内容 (213 字符)
[2026-03-08 11:41:03]   ✅ 提取成功，质量分: 0
[2026-03-08 11:41:03] [733/1105] Tiange Luo
[2026-03-08 11:41:05]   📥 重新爬取网站内容成功 (57 字符)
[2026-03-08 11:41:06]   ✅ 提取成功，质量分: 0
[2026-03-08 11:41:06] [734/1105] Shuhao Liang
[2026-03-08 11:41:08]   📥 重新爬取网站内容成功 (11 字符)
[2026-03-08 11:41:09]   ✅ 提取成功，质量分: 0
[2026-03-08 11:41:10] [735/1105] Zhenbo Li
[2026-03-08 11:41:10]   📄 使用已有网站内容 (2310 字符)
[2026-03-08 11:41:17]   ✅ 提取成功，质量分: 34
[2026-03-08 11:41:17] [736/1105] None
[2026-03-08 11:41:19]   ⚠️  无法获取网站内容
[2026-03-08 11:41:19]   ⚠️  提取失败，保留原始数据
[2026-03-08 11:41:19] [736/1105] Yao Qin
[2026-03-08 11:41:21]   📥 重新爬取网站内容成功 (8 字符)
[2026-03-08 11:41:23]   ✅ 提取成功，质量分: 0
[2026-03-08 11:41:23] [737/1105] 一蓑烟雨
[2026-03-08 11:41:24]   📥 重新爬取网站内容成功 (50 字符)
[2026-03-08 11:41:26]   ✅ 提取成功，质量分: 0
[2026-03-08 11:41:26] [738/1105] James Tucker
[2026-03-08 11:41:28]   📥 重新爬取网站内容成功 (7 字符)
[2026-03-08 11:41:29]   ✅ 提取成功，质量分: 0
[2026-03-08 11:41:30] [739/1105] Kevin Markham
[2026-03-08 11:41:33]   📥 重新爬取网站内容成功 (19 字符)
[2026-03-08 11:41:34]   ✅ 提取成功，质量分: 0
[2026-03-08 11:41:35] [740/1105] Shiqi Yu
[2026-03-08 11:41:35]   ⚠️  无法获取网站内容
[2026-03-08 11:41:35]   ⚠️  提取失败，保留原始数据
[2026-03-08 11:41:35] [740/1105] Eric Wastl
[2026-03-08 11:41:38]   📥 重新爬取网站内容成功 (75 字符)
[2026-03-08 11:41:39]   ✅ 提取成功，质量分: 0
[2026-03-08 11:41:40] [741/1105] Roboflow
[2026-03-08 11:41:40]   📄 使用已有网站内容 (9768 字符)
[2026-03-08 11:41:51]   ✅ 提取成功，质量分: 34
[2026-03-08 11:41:51] [742/1105] 秋城落叶
[2026-03-08 11:41:58]   📥 重新爬取网站内容成功 (35 字符)
[2026-03-08 11:41:59]   ✅ 提取成功，质量分: 0
[2026-03-08 11:42:00] [743/1105] None
[2026-03-08 11:42:00]   📄 使用已有网站内容 (6250 字符)
[2026-03-08 11:42:08]   ✅ 提取成功，质量分: 49
[2026-03-08 11:42:08] [744/1105] Meng To
[2026-03-08 11:42:10]   📥 重新爬取网站内容成功 (25 字符)
[2026-03-08 11:42:13]   ✅ 提取成功，质量分: 0
[2026-03-08 11:42:14] [745/1105] NAVER
[2026-03-08 11:42:18]   📥 重新爬取网站内容成功 (34 字符)
[2026-03-08 11:42:19]   ✅ 提取成功，质量分: 0
[2026-03-08 11:42:20] [746/1105] Xiaoxia
[2026-03-08 11:42:20]   📄 使用已有网站内容 (5822 字符)
[2026-03-08 11:42:29]   ✅ 提取成功，质量分: 44
[2026-03-08 11:42:29] [747/1105] Airen
[2026-03-08 11:42:31]   📥 重新爬取网站内容成功 (3059 字符)
[2026-03-08 11:42:38]   ✅ 提取成功，质量分: 34
[2026-03-08 11:42:39] [748/1105] Yang, Bo
[2026-03-08 11:42:40]   ⚠️  无法获取网站内容
[2026-03-08 11:42:40]   ⚠️  提取失败，保留原始数据
[2026-03-08 11:42:41] [748/1105] Andrew Gerrand
[2026-03-08 11:42:41]   📄 使用已有网站内容 (7192 字符)
[2026-03-08 11:42:47]   ✅ 提取成功，质量分: 20
[2026-03-08 11:42:48] [749/1105] Muaz Khan
[2026-03-08 11:42:48]   📄 使用已有网站内容 (626 字符)
[2026-03-08 11:42:54]   ✅ 提取成功，质量分: 35
[2026-03-08 11:42:54] [750/1105] None
[2026-03-08 11:42:56]   📥 重新爬取网站内容成功 (3 字符)
[2026-03-08 11:42:58]   ✅ 提取成功，质量分: 0
[2026-03-08 11:42:59] [751/1105] Kyle Mathews
[2026-03-08 11:43:02]   📥 重新爬取网站内容成功 (80 字符)
[2026-03-08 11:43:03]   ✅ 提取成功，质量分: 0
[2026-03-08 11:43:04] [752/1105] Evil Rabbit
[2026-03-08 11:43:05]   📥 重新爬取网站内容成功 (11 字符)
[2026-03-08 11:43:07]   ✅ 提取成功，质量分: 0
[2026-03-08 11:43:07] [753/1105] Fogus
[2026-03-08 11:43:08]   📥 重新爬取网站内容成功 (39 字符)
[2026-03-08 11:43:10]   ✅ 提取成功，质量分: 0
[2026-03-08 11:43:10] [754/1105] Nishant Aklecha
[2026-03-08 11:43:12]   📥 重新爬取网站内容成功 (28 字符)
[2026-03-08 11:43:13]   ✅ 提取成功，质量分: 0
[2026-03-08 11:43:14] [755/1105] Samuel Reed
[2026-03-08 11:43:16]   📥 重新爬取网站内容成功 (24 字符)
[2026-03-08 11:43:18]   ✅ 提取成功，质量分: 0
[2026-03-08 11:43:18] [756/1105] 0voice
[2026-03-08 11:43:20]   📥 重新爬取网站内容成功 (76 字符)
[2026-03-08 11:43:21]   ✅ 提取成功，质量分: 0
[2026-03-08 11:43:21] [757/1105] pancake
[2026-03-08 11:43:24]   📥 重新爬取网站内容成功 (23 字符)
[2026-03-08 11:43:26]   ✅ 提取成功，质量分: 0
[2026-03-08 11:43:26] [758/1105] Wenyue Hua
[2026-03-08 11:43:27]   📥 重新爬取网站内容成功 (29 字符)
[2026-03-08 11:43:29]   ✅ 提取成功，质量分: 0
[2026-03-08 11:43:29] [759/1105] Jonas Rauber
[2026-03-08 11:43:31]   ⚠️  无法获取网站内容
[2026-03-08 11:43:31]   ⚠️  提取失败，保留原始数据
[2026-03-08 11:43:32] [759/1105] Adrian Dalca
[2026-03-08 11:43:36]   📥 重新爬取网站内容成功 (88 字符)
[2026-03-08 11:43:38]   ✅ 提取成功，质量分: 0
[2026-03-08 11:43:38] [760/1105] Jinyu Meng
[2026-03-08 11:43:40]   📥 重新爬取网站内容成功 (46 字符)
[2026-03-08 11:43:41]   ✅ 提取成功，质量分: 0
[2026-03-08 11:43:42] [761/1105] Elvis Zhang
[2026-03-08 11:43:44]   ⚠️  无法获取网站内容
[2026-03-08 11:43:44]   ⚠️  提取失败，保留原始数据
[2026-03-08 11:43:45] [761/1105] hongxuww
[2026-03-08 11:43:45]   📄 使用已有网站内容 (3305 字符)
[2026-03-08 11:43:53]   ✅ 提取成功，质量分: 30
[2026-03-08 11:43:53] [762/1105] BOT Man
[2026-03-08 11:43:55]   📥 重新爬取网站内容成功 (10 字符)
[2026-03-08 11:43:56]   ✅ 提取成功，质量分: 0
[2026-03-08 11:43:57] [763/1105] Qiujia Li
[2026-03-08 11:43:59]   📥 重新爬取网站内容成功 (13 字符)
[2026-03-08 11:44:00]   ✅ 提取成功，质量分: 0
[2026-03-08 11:44:01] [764/1105] Xinyu Jiang
[2026-03-08 11:44:03]   📥 重新爬取网站内容成功 (33 字符)
[2026-03-08 11:44:05]   ✅ 提取成功，质量分: 0
[2026-03-08 11:44:05] [765/1105] wklken
[2026-03-08 11:44:07]   📥 重新爬取网站内容成功 (88 字符)
[2026-03-08 11:44:08]   ✅ 提取成功，质量分: 0
[2026-03-08 11:44:09] [766/1105] Nathan Schneider
[2026-03-08 11:44:10]   ⚠️  无法获取网站内容
[2026-03-08 11:44:10]   ⚠️  提取失败，保留原始数据
[2026-03-08 11:44:11] [766/1105] Shawn Yang
[2026-03-08 11:44:11]   📄 使用已有网站内容 (3372 字符)
[2026-03-08 11:44:23]   ✅ 提取成功，质量分: 65
[2026-03-08 11:44:24] [767/1105] Qiusheng Wu
[2026-03-08 11:44:27]   📥 重新爬取网站内容成功 (11 字符)
[2026-03-08 11:44:28]   ✅ 提取成功，质量分: 0
[2026-03-08 11:44:29] [768/1105] 01.AI
[2026-03-08 11:44:29]   📄 使用已有网站内容 (2637 字符)
[2026-03-08 11:44:36]   ✅ 提取成功，质量分: 45
[2026-03-08 11:44:37] [769/1105] Eric Zhang
[2026-03-08 11:44:38]   📥 重新爬取网站内容成功 (83 字符)
[2026-03-08 11:44:39]   ✅ 提取成功，质量分: 0
[2026-03-08 11:44:40] [770/1105] Yihua Huang
[2026-03-08 11:44:40]   📥 重新爬取网站内容成功 (27 字符)
[2026-03-08 11:44:41]   ✅ 提取成功，质量分: 0
[2026-03-08 11:44:42] [771/1105] Andrew Zhao
[2026-03-08 11:44:43]   📥 重新爬取网站内容成功 (11 字符)
[2026-03-08 11:44:45]   ✅ 提取成功，质量分: 0
[2026-03-08 11:44:45] [772/1105] Paris Carbone
[2026-03-08 11:44:47]   📥 重新爬取网站内容成功 (52 字符)
[2026-03-08 11:44:50]   ✅ 提取成功，质量分: 0
[2026-03-08 11:44:50] [773/1105] Nick Cammarata
[2026-03-08 11:44:52]   ⚠️  无法获取网站内容
[2026-03-08 11:44:52]   ⚠️  提取失败，保留原始数据
[2026-03-08 11:44:52] [773/1105] Wen Xiao
[2026-03-08 11:44:54]   📥 重新爬取网站内容成功 (40 字符)
[2026-03-08 11:44:55]   ✅ 提取成功，质量分: 0
[2026-03-08 11:44:56] [774/1105] Shangshang Wang
[2026-03-08 11:44:57]   📥 重新爬取网站内容成功 (66 字符)
[2026-03-08 11:45:01]   ✅ 提取成功，质量分: 0
[2026-03-08 11:45:02] [775/1105] R. Bernstein
[2026-03-08 11:45:02]   📄 使用已有网站内容 (2284 字符)
[2026-03-08 11:45:09]   ✅ 提取成功，质量分: 34
[2026-03-08 11:45:09] [776/1105] Fatih Kadir Akın
[2026-03-08 11:45:12]   📥 重新爬取网站内容成功 (16 字符)
[2026-03-08 11:45:13]   ✅ 提取成功，质量分: 0
[2026-03-08 11:45:14] [777/1105] Alex Teichman
[2026-03-08 11:45:15]   📥 重新爬取网站内容成功 (74 字符)
[2026-03-08 11:45:16]   ✅ 提取成功，质量分: 0
[2026-03-08 11:45:17] [778/1105] Leo Stratus
[2026-03-08 11:45:17]   📄 使用已有网站内容 (186 字符)
[2026-03-08 11:45:18]   ✅ 提取成功，质量分: 0
[2026-03-08 11:45:19] [779/1105] Hui Yiqun
[2026-03-08 11:45:20]   📥 重新爬取网站内容成功 (31 字符)
[2026-03-08 11:45:22]   ✅ 提取成功，质量分: 0
[2026-03-08 11:45:22] [780/1105] Tom Hennigan
[2026-03-08 11:45:24]   ⚠️  无法获取网站内容
[2026-03-08 11:45:24]   ⚠️  提取失败，保留原始数据
[2026-03-08 11:45:24] [780/1105] Jeromy Zhang
[2026-03-08 11:45:26]   📥 重新爬取网站内容成功 (40 字符)
[2026-03-08 11:45:27]   ✅ 提取成功，质量分: 0
[2026-03-08 11:45:28] [781/1105] aaditya prakash
[2026-03-08 11:45:28]   📄 使用已有网站内容 (8218 字符)
[2026-03-08 11:45:36]   ✅ 提取成功，质量分: 45
[2026-03-08 11:45:37] [782/1105] 111qqz
[2026-03-08 11:45:37]   📄 使用已有网站内容 (9445 字符)
[2026-03-08 11:45:49]   ✅ 提取成功，质量分: 79
[2026-03-08 11:45:50] [783/1105] guanfuchen
[2026-03-08 11:45:50]   📄 使用已有网站内容 (3356 字符)
[2026-03-08 11:45:57]   ✅ 提取成功，质量分: 35
[2026-03-08 11:45:58] [784/1105] 7sDream
[2026-03-08 11:46:00]   📥 重新爬取网站内容成功 (73 字符)
[2026-03-08 11:46:02]   ✅ 提取成功，质量分: 0
[2026-03-08 11:46:02] [785/1105] Dongyue Studio
[2026-03-08 11:46:04]   📥 重新爬取网站内容成功 (7 字符)
[2026-03-08 11:46:07]   ✅ 提取成功，质量分: 25
[2026-03-08 11:46:07] [786/1105] Yassine
[2026-03-08 11:46:09]   📥 重新爬取网站内容成功 (95 字符)
[2026-03-08 11:46:10]   ✅ 提取成功，质量分: 0
[2026-03-08 11:46:11] [787/1105] Yunbo Wang
[2026-03-08 11:46:13]   📥 重新爬取网站内容成功 (90 字符)
[2026-03-08 11:46:17]   ✅ 提取成功，质量分: 45
[2026-03-08 11:46:18] [788/1105] Mike Wu
[2026-03-08 11:46:20]   📥 重新爬取网站内容成功 (7 字符)
[2026-03-08 11:46:22]   ✅ 提取成功，质量分: 0
[2026-03-08 11:46:22] [789/1105] Mosè Giordano
[2026-03-08 11:46:24]   ⚠️  无法获取网站内容
[2026-03-08 11:46:24]   ⚠️  提取失败，保留原始数据
[2026-03-08 11:46:24] [789/1105] Ekin Akyürek
[2026-03-08 11:46:26]   ⚠️  无法获取网站内容
[2026-03-08 11:46:26]   ⚠️  提取失败，保留原始数据
[2026-03-08 11:46:26] [789/1105] Sahand Sabour
[2026-03-08 11:46:28]   📥 重新爬取网站内容成功 (13 字符)
[2026-03-08 11:46:30]   ✅ 提取成功，质量分: 0
[2026-03-08 11:46:30] [790/1105] Lucas Azzola
[2026-03-08 11:46:32]   📥 重新爬取网站内容成功 (88 字符)
[2026-03-08 11:46:35]   ✅ 提取成功，质量分: 0
[2026-03-08 11:46:35] [791/1105] Haoyang Weng (翁颢洋)
[2026-03-08 11:46:37]   📥 重新爬取网站内容成功 (28 字符)
[2026-03-08 11:46:38]   ✅ 提取成功，质量分: 0
[2026-03-08 11:46:39] [792/1105] Bowen Jing
[2026-03-08 11:46:41]   ⚠️  无法获取网站内容
[2026-03-08 11:46:41]   ⚠️  提取失败，保留原始数据
[2026-03-08 11:46:41] [792/1105] Yongyi Zang
[2026-03-08 11:46:43]   📥 重新爬取网站内容成功 (22 字符)
[2026-03-08 11:46:46]   ✅ 提取成功，质量分: 0
[2026-03-08 11:46:46] [793/1105] Yue Wu
[2026-03-08 11:46:47]   📥 重新爬取网站内容成功 (8 字符)
[2026-03-08 11:46:48]   ✅ 提取成功，质量分: 0
[2026-03-08 11:46:49] [794/1105] Tianyu Fu
[2026-03-08 11:46:51]   📥 重新爬取网站内容成功 (9 字符)
[2026-03-08 11:46:52]   ✅ 提取成功，质量分: 0
[2026-03-08 11:46:53] [795/1105] Dongyoon Han
[2026-03-08 11:46:54]   ⚠️  无法获取网站内容
[2026-03-08 11:46:54]   ⚠️  提取失败，保留原始数据
[2026-03-08 11:46:55] [795/1105] Yunyy
[2026-03-08 11:46:56]   📥 重新爬取网站内容成功 (44 字符)
[2026-03-08 11:46:59]   ✅ 提取成功，质量分: 0
[2026-03-08 11:47:00] [796/1105] Jiahui Huang
[2026-03-08 11:47:00]   📄 使用已有网站内容 (196 字符)
[2026-03-08 11:47:01]   ✅ 提取成功，质量分: 0
[2026-03-08 11:47:02] [797/1105] Tianze Shi
[2026-03-08 11:47:04]   📥 重新爬取网站内容成功 (64 字符)
[2026-03-08 11:47:06]   ✅ 提取成功，质量分: 0
[2026-03-08 11:47:06] [798/1105] Cong Zhao
[2026-03-08 11:47:07]   📥 重新爬取网站内容成功 (7 字符)
[2026-03-08 11:47:09]   ✅ 提取成功，质量分: 0
[2026-03-08 11:47:09] [799/1105] Suwon Shon
[2026-03-08 11:47:12]   📥 重新爬取网站内容成功 (46 字符)
[2026-03-08 11:47:15]   ✅ 提取成功，质量分: 0
[2026-03-08 11:47:15] [800/1105] Junxiong Wang
[2026-03-08 11:47:17]   📥 重新爬取网站内容成功 (95 字符)
[2026-03-08 11:47:18]   ✅ 提取成功，质量分: 0
[2026-03-08 11:47:18] [801/1105] Large-scale Unsupervised Semantic Segmentation
[2026-03-08 11:47:18]   📄 使用已有网站内容 (3603 字符)
[2026-03-08 11:47:24]   ✅ 提取成功，质量分: 39
[2026-03-08 11:47:24] [802/1105] Shi-Min Hu
[2026-03-08 11:47:24]   📄 使用已有网站内容 (122 字符)
[2026-03-08 11:47:28]   ✅ 提取成功，质量分: 34
[2026-03-08 11:47:28] [803/1105] Guo-Wei Yang
[2026-03-08 11:47:28]   📥 重新爬取网站内容成功 (21 字符)
[2026-03-08 11:47:32]   ✅ 提取成功，质量分: 20
[2026-03-08 11:47:32] [804/1105] None
[2026-03-08 11:47:34]   📥 重新爬取网站内容成功 (57 字符)
[2026-03-08 11:47:35]   ✅ 提取成功，质量分: 0
[2026-03-08 11:47:36] [805/1105] 奇异AI
[2026-03-08 11:47:37]   ⚠️  无法获取网站内容
[2026-03-08 11:47:37]   ⚠️  提取失败，保留原始数据
[2026-03-08 11:47:38] [805/1105] Jiaqi Gu
[2026-03-08 11:47:40]   📥 重新爬取网站内容成功 (50 字符)
[2026-03-08 11:47:41]   ✅ 提取成功，质量分: 0
[2026-03-08 11:47:42] [806/1105] Dat Tran
[2026-03-08 11:47:43]   📥 重新爬取网站内容成功 (56 字符)
[2026-03-08 11:47:45]   ✅ 提取成功，质量分: 0
[2026-03-08 11:47:45] [807/1105] Alykhan Tejani
[2026-03-08 11:47:47]   📥 重新爬取网站内容成功 (14 字符)
[2026-03-08 11:47:48]   ✅ 提取成功，质量分: 0
[2026-03-08 11:47:49] [808/1105] Suno
[2026-03-08 11:47:52]   📥 重新爬取网站内容成功 (25 字符)
[2026-03-08 11:47:53]   ✅ 提取成功，质量分: 0
[2026-03-08 11:47:54] [809/1105] huihut
[2026-03-08 11:47:55]   📥 重新爬取网站内容成功 (13 字符)
[2026-03-08 11:47:57]   ✅ 提取成功，质量分: 0
[2026-03-08 11:47:57] [810/1105] Derek Collison
[2026-03-08 11:47:59]   📥 重新爬取网站内容成功 (27 字符)
[2026-03-08 11:48:03]   ✅ 提取成功，质量分: 0
[2026-03-08 11:48:03] [811/1105] LEI Zongmin
[2026-03-08 11:48:03]   📄 使用已有网站内容 (2394 字符)
[2026-03-08 11:48:12]   ✅ 提取成功，质量分: 39
[2026-03-08 11:48:13] [812/1105] Xueqiao (Joe) Xu
[2026-03-08 11:48:15]   📥 重新爬取网站内容成功 (77 字符)
[2026-03-08 11:48:16]   ✅ 提取成功，质量分: 0
[2026-03-08 11:48:17] [813/1105] SeedScientist
[2026-03-08 11:48:18]   ⚠️  无法获取网站内容
[2026-03-08 11:48:18]   ⚠️  提取失败，保留原始数据
[2026-03-08 11:48:18] [813/1105] Zheng Ye
[2026-03-08 11:48:19]   📥 重新爬取网站内容成功 (4 字符)
[2026-03-08 11:48:21]   ✅ 提取成功，质量分: 0
[2026-03-08 11:48:21] [814/1105] Dalin Huang
[2026-03-08 11:48:23]   📥 重新爬取网站内容成功 (90 字符)
[2026-03-08 11:48:26]   ✅ 提取成功，质量分: 0
[2026-03-08 11:48:26] [815/1105] Julian Garnier
[2026-03-08 11:48:28]   📥 重新爬取网站内容成功 (14 字符)
[2026-03-08 11:48:29]   ✅ 提取成功，质量分: 0
[2026-03-08 11:48:30] [816/1105] Poimandres
[2026-03-08 11:48:31]   📥 重新爬取网站内容成功 (71 字符)
[2026-03-08 11:48:33]   ✅ 提取成功，质量分: 0
[2026-03-08 11:48:33] [817/1105] snek
[2026-03-08 11:48:35]   ⚠️  无法获取网站内容
[2026-03-08 11:48:35]   ⚠️  提取失败，保留原始数据
[2026-03-08 11:48:35] [817/1105] bit4woo
[2026-03-08 11:48:37]   📥 重新爬取网站内容成功 (9 字符)
[2026-03-08 11:48:39]   ✅ 提取成功，质量分: 0
[2026-03-08 11:48:39] [818/1105] Abi Raja
[2026-03-08 11:48:41]   📥 重新爬取网站内容成功 (32 字符)
[2026-03-08 11:48:44]   ✅ 提取成功，质量分: 0
[2026-03-08 11:48:45] [819/1105] Dustin Ingram
[2026-03-08 11:48:45]   📄 使用已有网站内容 (1547 字符)
[2026-03-08 11:48:52]   ✅ 提取成功，质量分: 59
[2026-03-08 11:48:52] [820/1105] a16z
[2026-03-08 11:48:52]   📄 使用已有网站内容 (1001 字符)
[2026-03-08 11:48:54]   ✅ 提取成功，质量分: 0
[2026-03-08 11:48:54] [821/1105] Peter Whidden
[2026-03-08 11:48:55]   📥 重新爬取网站内容成功 (10 字符)
[2026-03-08 11:48:57]   ✅ 提取成功，质量分: 0
[2026-03-08 11:48:57] [822/1105] Jennifer (Jenny) Bryan
[2026-03-08 11:48:59]   📥 重新爬取网站内容成功 (39 字符)
[2026-03-08 11:49:03]   ✅ 提取成功，质量分: 0
[2026-03-08 11:49:04] [823/1105] Jinseo Park
[2026-03-08 11:49:06]   📥 重新爬取网站内容成功 (58 字符)
[2026-03-08 11:49:07]   ✅ 提取成功，质量分: 0
[2026-03-08 11:49:07] [824/1105] Alyssa X
[2026-03-08 11:49:11]   📥 重新爬取网站内容成功 (8 字符)
[2026-03-08 11:49:13]   ✅ 提取成功，质量分: 0
[2026-03-08 11:49:13] [825/1105] 刘丹冰
[2026-03-08 11:49:14]   📥 重新爬取网站内容成功 (13 字符)
[2026-03-08 11:49:15]   ✅ 提取成功，质量分: 0
[2026-03-08 11:49:16] [826/1105] ash
[2026-03-08 11:49:16]   📄 使用已有网站内容 (5189 字符)
[2026-03-08 11:49:22]   ✅ 提取成功，质量分: 20
[2026-03-08 11:49:22] [827/1105] Frank Odom
[2026-03-08 11:49:24]   📥 重新爬取网站内容成功 (10 字符)
[2026-03-08 11:49:25]   ✅ 提取成功，质量分: 0
[2026-03-08 11:49:26] [828/1105] Aaron Meurer
[2026-03-08 11:49:29]   ⚠️  无法获取网站内容
[2026-03-08 11:49:29]   ⚠️  提取失败，保留原始数据
[2026-03-08 11:49:29] [828/1105] None
[2026-03-08 11:49:30]   📥 重新爬取网站内容成功 (4 字符)
[2026-03-08 11:49:31]   ✅ 提取成功，质量分: 0
[2026-03-08 11:49:32] [829/1105] Justin Jaffray
[2026-03-08 11:49:32]   📄 使用已有网站内容 (547 字符)
[2026-03-08 11:49:43]   ✅ 提取成功，质量分: 45
[2026-03-08 11:49:43] [830/1105] Ludwig Schubert
[2026-03-08 11:49:45]   📥 重新爬取网站内容成功 (57 字符)
[2026-03-08 11:49:46]   ✅ 提取成功，质量分: 0
[2026-03-08 11:49:47] [831/1105] Justin Uberti
[2026-03-08 11:49:49]   📥 重新爬取网站内容成功 (13 字符)
[2026-03-08 11:49:51]   ✅ 提取成功，质量分: 0
[2026-03-08 11:49:51] [832/1105] 博文（玖五）
[2026-03-08 11:49:54]   📥 重新爬取网站内容成功 (77 字符)
[2026-03-08 11:49:56]   ✅ 提取成功，质量分: 0
[2026-03-08 11:49:56] [833/1105] Ruoyu Qin
[2026-03-08 11:49:58]   📥 重新爬取网站内容成功 (9 字符)
[2026-03-08 11:49:59]   ✅ 提取成功，质量分: 0
[2026-03-08 11:50:00] [834/1105] Zeyu Chen
[2026-03-08 11:50:03]   📥 重新爬取网站内容成功 (84 字符)
[2026-03-08 11:50:05]   ✅ 提取成功，质量分: 0
[2026-03-08 11:50:05] [835/1105] fendouai
[2026-03-08 11:50:05]   📄 使用已有网站内容 (4903 字符)
[2026-03-08 11:50:15]   ✅ 提取成功，质量分: 34
[2026-03-08 11:50:15] [836/1105] Li Niu
[2026-03-08 11:50:16]   ⚠️  无法获取网站内容
[2026-03-08 11:50:16]   ⚠️  提取失败，保留原始数据
[2026-03-08 11:50:16] [836/1105] Michael Liu
[2026-03-08 11:50:18]   📥 重新爬取网站内容成功 (19 字符)
[2026-03-08 11:50:20]   ✅ 提取成功，质量分: 0
[2026-03-08 11:50:21] [837/1105] Yuanqiang Liu
[2026-03-08 11:50:21]   📄 使用已有网站内容 (4257 字符)
[2026-03-08 11:50:25]   ✅ 提取成功，质量分: 19
[2026-03-08 11:50:26] [838/1105] Michi Yasunaga
[2026-03-08 11:50:28]   📥 重新爬取网站内容成功 (21 字符)
[2026-03-08 11:50:29]   ✅ 提取成功，质量分: 0
[2026-03-08 11:50:30] [839/1105] LIU JIE
[2026-03-08 11:50:31]   📥 重新爬取网站内容成功 (78 字符)
[2026-03-08 11:50:33]   ✅ 提取成功，质量分: 0
[2026-03-08 11:50:33] [840/1105] Ken Museth
[2026-03-08 11:50:36]   ⚠️  无法获取网站内容
[2026-03-08 11:50:36]   ⚠️  提取失败，保留原始数据
[2026-03-08 11:50:36] [840/1105] Sam
[2026-03-08 11:50:36]   📄 使用已有网站内容 (1367 字符)
[2026-03-08 11:50:49]   ✅ 提取成功，质量分: 91
[2026-03-08 11:50:49] [841/1105] Shohei Ueda
[2026-03-08 11:50:49]   📄 使用已有网站内容 (3436 字符)
[2026-03-08 11:50:57]   ✅ 提取成功，质量分: 49
[2026-03-08 11:50:57] [842/1105] Tim Meinhardt
[2026-03-08 11:51:00]   ⚠️  无法获取网站内容
[2026-03-08 11:51:00]   ⚠️  提取失败，保留原始数据
[2026-03-08 11:51:00] [842/1105] Zhizheng Wu
[2026-03-08 11:51:02]   📥 重新爬取网站内容成功 (30 字符)
[2026-03-08 11:51:03]   ✅ 提取成功，质量分: 0
[2026-03-08 11:51:04] [843/1105] Shen Chen（陈燊）
[2026-03-08 11:51:06]   📥 重新爬取网站内容成功 (20 字符)
[2026-03-08 11:51:07]   ✅ 提取成功，质量分: 0
[2026-03-08 11:51:08] [844/1105] Anssi
[2026-03-08 11:51:14]   📥 重新爬取网站内容成功 (35 字符)
[2026-03-08 11:51:15]   ✅ 提取成功，质量分: 0
[2026-03-08 11:51:16] [845/1105] Lin Song
[2026-03-08 11:51:17]   📥 重新爬取网站内容成功 (32 字符)
[2026-03-08 11:51:19]   ✅ 提取成功，质量分: 0
[2026-03-08 11:51:19] [846/1105] NatureFeng
[2026-03-08 11:51:19]   📄 使用已有网站内容 (10014 字符)
[2026-03-08 11:51:31]   ✅ 提取成功，质量分: 89
[2026-03-08 11:51:31] [847/1105] He Wang
[2026-03-08 11:51:31]   📄 使用已有网站内容 (3388 字符)
[2026-03-08 11:51:37]   ✅ 提取成功，质量分: 49
[2026-03-08 11:51:38] [848/1105] Qubitium-ModelCloud
[2026-03-08 11:51:39]   ⚠️  无法获取网站内容
[2026-03-08 11:51:39]   ⚠️  提取失败，保留原始数据
[2026-03-08 11:51:40] [848/1105] Roberto Calandra
[2026-03-08 11:51:41]   📥 重新爬取网站内容成功 (48 字符)
[2026-03-08 11:51:43]   ✅ 提取成功，质量分: 0
[2026-03-08 11:51:43] [849/1105] Michael Dawson-Haggerty
[2026-03-08 11:51:45]   📥 重新爬取网站内容成功 (31 字符)
[2026-03-08 11:51:46]   ✅ 提取成功，质量分: 0
[2026-03-08 11:51:47] [850/1105] Gilberto Titericz Junior
[2026-03-08 11:51:48]   📥 重新爬取网站内容成功 (13 字符)
[2026-03-08 11:51:50]   ✅ 提取成功，质量分: 0
[2026-03-08 11:51:51] [851/1105] 锦恢
[2026-03-08 11:51:52]   📥 重新爬取网站内容成功 (19 字符)
[2026-03-08 11:51:55]   ✅ 提取成功，质量分: 0
[2026-03-08 11:51:55] [852/1105] Scott Dong
[2026-03-08 11:51:56]   📥 重新爬取网站内容成功 (10 字符)
[2026-03-08 11:51:57]   ✅ 提取成功，质量分: 0
[2026-03-08 11:51:58] [853/1105] wingjay
[2026-03-08 11:51:58]   📄 使用已有网站内容 (3737 字符)
[2026-03-08 11:51:59]   ✅ 提取成功，质量分: 0
[2026-03-08 11:51:59] [854/1105] Hyunjoong Kim
[2026-03-08 11:51:59]   📄 使用已有网站内容 (5305 字符)
[2026-03-08 11:52:07]   ✅ 提取成功，质量分: 34
[2026-03-08 11:52:08] [855/1105] Databricks Labs
[2026-03-08 11:52:08]   📄 使用已有网站内容 (10014 字符)
[2026-03-08 11:52:17]   ✅ 提取成功，质量分: 45
[2026-03-08 11:52:17] [856/1105] Sam Roberts
[2026-03-08 11:52:18]   📥 重新爬取网站内容成功 (61 字符)
[2026-03-08 11:52:21]   ✅ 提取成功，质量分: 0
[2026-03-08 11:52:22] [857/1105] Robert Nagy
[2026-03-08 11:52:22]   📄 使用已有网站内容 (4246 字符)
[2026-03-08 11:52:32]   ✅ 提取成功，质量分: 45
[2026-03-08 11:52:32] [858/1105] Margaret Mitchell
[2026-03-08 11:52:34]   📥 重新爬取网站内容成功 (17 字符)
[2026-03-08 11:52:36]   ✅ 提取成功，质量分: 0
[2026-03-08 11:52:36] [859/1105] 老肥
[2026-03-08 11:52:37]   📥 重新爬取网站内容成功 (11 字符)
[2026-03-08 11:52:40]   ✅ 提取成功，质量分: 0
[2026-03-08 11:52:41] [860/1105] Alibaba Research
[2026-03-08 11:52:41]   📥 重新爬取网站内容成功 (44 字符)
[2026-03-08 11:52:44]   ✅ 提取成功，质量分: 0
[2026-03-08 11:52:44] [861/1105] Eliyar Eziz
[2026-03-08 11:52:44]   📄 使用已有网站内容 (2121 字符)
[2026-03-08 11:52:50]   ✅ 提取成功，质量分: 36
[2026-03-08 11:52:50] [862/1105] Kai Chen
[2026-03-08 11:52:50]   📄 使用已有网站内容 (222 字符)
[2026-03-08 11:52:55]   ✅ 提取成功，质量分: 25
[2026-03-08 11:52:56] [863/1105] Hanjiang Hu
[2026-03-08 11:52:58]   📥 重新爬取网站内容成功 (19 字符)
[2026-03-08 11:53:01]   ✅ 提取成功，质量分: 0
[2026-03-08 11:53:01] [864/1105] Qi Zhang
[2026-03-08 11:53:02]   📥 重新爬取网站内容成功 (39 字符)
[2026-03-08 11:53:03]   ✅ 提取成功，质量分: 0
[2026-03-08 11:53:03] [865/1105] Zekun Li
[2026-03-08 11:53:05]   📥 重新爬取网站内容成功 (21 字符)
[2026-03-08 11:53:06]   ✅ 提取成功，质量分: 0
[2026-03-08 11:53:07] [866/1105] Sebastian Castro
[2026-03-08 11:53:07]   📄 使用已有网站内容 (6431 字符)
[2026-03-08 11:53:17]   ✅ 提取成功，质量分: 69
[2026-03-08 11:53:17] [867/1105] Mike Whit
[2026-03-08 11:53:19]   ⚠️  无法获取网站内容
[2026-03-08 11:53:19]   ⚠️  提取失败，保留原始数据
[2026-03-08 11:53:19] [867/1105] DuckDB
[2026-03-08 11:53:19]   📄 使用已有网站内容 (8740 字符)
[2026-03-08 11:53:27]   ✅ 提取成功，质量分: 34
[2026-03-08 11:53:28] [868/1105] Derek Snow
[2026-03-08 11:53:29]   📥 重新爬取网站内容成功 (52 字符)
[2026-03-08 11:53:31]   ✅ 提取成功，质量分: 0
[2026-03-08 11:53:31] [869/1105] duwen
[2026-03-08 11:53:33]   📥 重新爬取网站内容成功 (8 字符)
[2026-03-08 11:53:35]   ✅ 提取成功，质量分: 0
[2026-03-08 11:53:35] [870/1105] Haoliang Gao
[2026-03-08 11:53:37]   📥 重新爬取网站内容成功 (42 字符)
[2026-03-08 11:53:40]   ✅ 提取成功，质量分: 0
[2026-03-08 11:53:41] [871/1105] Ghostty
[2026-03-08 11:53:43]   📥 重新爬取网站内容成功 (7 字符)
[2026-03-08 11:53:44]   ✅ 提取成功，质量分: 0
[2026-03-08 11:53:45] [872/1105] Jaco
[2026-03-08 11:53:46]   📥 重新爬取网站内容成功 (97 字符)
[2026-03-08 11:53:48]   ✅ 提取成功，质量分: 0
[2026-03-08 11:53:48] [873/1105] Jeffrey Way
[2026-03-08 11:53:50]   ⚠️  无法获取网站内容
[2026-03-08 11:53:50]   ⚠️  提取失败，保留原始数据
[2026-03-08 11:53:50] [873/1105] Li Yin
[2026-03-08 11:53:52]   📥 重新爬取网站内容成功 (69 字符)
[2026-03-08 11:53:55]   ✅ 提取成功，质量分: 0
[2026-03-08 11:53:56] [874/1105] Hamid Palangi
[2026-03-08 11:53:56]   📄 使用已有网站内容 (5400 字符)
[2026-03-08 11:54:00]   ✅ 提取成功，质量分: 25
[2026-03-08 11:54:00] [875/1105] Alber
[2026-03-08 11:54:04]   📥 重新爬取网站内容成功 (55 字符)
[2026-03-08 11:54:05]   ✅ 提取成功，质量分: 0
[2026-03-08 11:54:05] [876/1105] Katia Gil Guzman
[2026-03-08 11:54:07]   📥 重新爬取网站内容成功 (49 字符)
[2026-03-08 11:54:08]   ✅ 提取成功，质量分: 0
[2026-03-08 11:54:09] [877/1105] schnee
[2026-03-08 11:54:10]   📥 重新爬取网站内容成功 (41 字符)
[2026-03-08 11:54:13]   ✅ 提取成功，质量分: 0
[2026-03-08 11:54:13] [878/1105] saitjr
[2026-03-08 11:54:17]   📥 重新爬取网站内容成功 (4 字符)
[2026-03-08 11:54:19]   ✅ 提取成功，质量分: 0
[2026-03-08 11:54:19] [879/1105] Tencent-Youtu
[2026-03-08 11:54:19]   📥 重新爬取网站内容成功 (33 字符)
[2026-03-08 11:54:23]   ✅ 提取成功，质量分: 45
[2026-03-08 11:54:24] [880/1105] 余果
[2026-03-08 11:54:26]   ⚠️  无法获取网站内容
[2026-03-08 11:54:26]   ⚠️  提取失败，保留原始数据
[2026-03-08 11:54:26] [880/1105] Tadeu Zagallo
[2026-03-08 11:54:29]   📥 重新爬取网站内容成功 (21 字符)
[2026-03-08 11:54:30]   ✅ 提取成功，质量分: 0
[2026-03-08 11:54:31] [881/1105] Minqi Pan
[2026-03-08 11:54:32]   📥 重新爬取网站内容成功 (51 字符)
[2026-03-08 11:54:34]   ✅ 提取成功，质量分: 0
[2026-03-08 11:54:34] [882/1105] Binbin
[2026-03-08 11:54:35]   📥 重新爬取网站内容成功 (11 字符)
[2026-03-08 11:54:36]   ✅ 提取成功，质量分: 0
[2026-03-08 11:54:37] [883/1105] Cyris
[2026-03-08 11:54:38]   📥 重新爬取网站内容成功 (6 字符)
[2026-03-08 11:54:39]   ✅ 提取成功，质量分: 0
[2026-03-08 11:54:40] [884/1105] Czy
[2026-03-08 11:54:43]   📥 重新爬取网站内容成功 (28 字符)
[2026-03-08 11:54:44]   ✅ 提取成功，质量分: 0
[2026-03-08 11:54:45] [885/1105] legendtkl
[2026-03-08 11:54:49]   ⚠️  无法获取网站内容
[2026-03-08 11:54:49]   ⚠️  提取失败，保留原始数据
[2026-03-08 11:54:49] [885/1105] Trias
[2026-03-08 11:54:52]   ⚠️  无法获取网站内容
[2026-03-08 11:54:52]   ⚠️  提取失败，保留原始数据
[2026-03-08 11:54:52] [885/1105] Wentao Lyu
[2026-03-08 11:54:54]   📥 重新爬取网站内容成功 (62 字符)
[2026-03-08 11:54:55]   ✅ 提取成功，质量分: 0
[2026-03-08 11:54:56] [886/1105] Keiichi Kuroyanagi
[2026-03-08 11:54:57]   📥 重新爬取网站内容成功 (14 字符)
[2026-03-08 11:54:59]   ✅ 提取成功，质量分: 0
[2026-03-08 11:55:00] [887/1105] Xu Jingxin
[2026-03-08 11:55:02]   📥 重新爬取网站内容成功 (95 字符)
[2026-03-08 11:55:03]   ✅ 提取成功，质量分: 0
[2026-03-08 11:55:04] [888/1105] Shawn M Moore
[2026-03-08 11:55:04]   📄 使用已有网站内容 (376 字符)
[2026-03-08 11:55:08]   ✅ 提取成功，质量分: 29
[2026-03-08 11:55:09] [889/1105] Kazuki Onodera
[2026-03-08 11:55:10]   📥 重新爬取网站内容成功 (16 字符)
[2026-03-08 11:55:11]   ✅ 提取成功，质量分: 0
[2026-03-08 11:55:12] [890/1105] Tim Zaman
[2026-03-08 11:55:12]   📄 使用已有网站内容 (650 字符)
[2026-03-08 11:55:16]   ✅ 提取成功，质量分: 15
[2026-03-08 11:55:16] [891/1105] Qin Yongliang
[2026-03-08 11:55:16]   📄 使用已有网站内容 (1011 字符)
[2026-03-08 11:55:23]   ✅ 提取成功，质量分: 34
[2026-03-08 11:55:23] [892/1105] Bowen Yu
[2026-03-08 11:55:25]   📥 重新爬取网站内容成功 (56 字符)
[2026-03-08 11:55:26]   ✅ 提取成功，质量分: 0
[2026-03-08 11:55:27] [893/1105] An Tao
[2026-03-08 11:55:28]   📥 重新爬取网站内容成功 (99 字符)
[2026-03-08 11:55:31]   ✅ 提取成功，质量分: 0
[2026-03-08 11:55:32] [894/1105] plusplus7
[2026-03-08 11:55:33]   📥 重新爬取网站内容成功 (16 字符)
[2026-03-08 11:55:34]   ✅ 提取成功，质量分: 0
[2026-03-08 11:55:34] [895/1105] Yating Wang
[2026-03-08 11:55:34]   📄 使用已有网站内容 (3170 字符)
[2026-03-08 11:58:01]   ✅ 提取成功，质量分: 75
[2026-03-08 11:58:01] [896/1105] None
[2026-03-08 11:58:06]   📥 重新爬取网站内容成功 (34 字符)
[2026-03-08 11:58:09]   ✅ 提取成功，质量分: 0
[2026-03-08 11:58:10] [897/1105] Terry Kong
[2026-03-08 11:58:15]   📥 重新爬取网站内容成功 (46 字符)
[2026-03-08 11:58:17]   ✅ 提取成功，质量分: 0
[2026-03-08 11:58:18] [898/1105] Julien Demouth
[2026-03-08 11:58:18]   📄 使用已有网站内容 (2058 字符)
[2026-03-08 11:58:25]   ✅ 提取成功，质量分: 47
[2026-03-08 11:58:25] [899/1105] Haesun Park
[2026-03-08 11:58:25]   📄 使用已有网站内容 (10014 字符)
[2026-03-08 11:58:37]   ✅ 提取成功，质量分: 36
[2026-03-08 11:58:37] [900/1105] MIPI-Challenge
[2026-03-08 11:58:39]   ⚠️  无法获取网站内容
[2026-03-08 11:58:39]   ⚠️  提取失败，保留原始数据
[2026-03-08 11:58:39] [900/1105] Ashesh Jain
[2026-03-08 11:58:41]   📥 重新爬取网站内容成功 (90 字符)
[2026-03-08 11:58:43]   ✅ 提取成功，质量分: 0
[2026-03-08 11:58:43] [901/1105] Flynngao
[2026-03-08 11:58:45]   📥 重新爬取网站内容成功 (94 字符)
[2026-03-08 11:58:48]   ✅ 提取成功，质量分: 0
[2026-03-08 11:58:48] [902/1105] Zhikai Chen
[2026-03-08 11:58:50]   📥 重新爬取网站内容成功 (39 字符)
[2026-03-08 11:58:51]   ✅ 提取成功，质量分: 0
[2026-03-08 11:58:52] [903/1105] Tianyi Chen
[2026-03-08 11:58:55]   📥 重新爬取网站内容成功 (31 字符)
[2026-03-08 11:58:56]   ✅ 提取成功，质量分: 0
[2026-03-08 11:58:57] [904/1105] utterances
[2026-03-08 11:58:57]   📄 使用已有网站内容 (1089 字符)
[2026-03-08 11:59:02]   ✅ 提取成功，质量分: 36
[2026-03-08 11:59:03] [905/1105] Arthur Lee
[2026-03-08 11:59:05]   📥 重新爬取网站内容成功 (57 字符)
[2026-03-08 11:59:07]   ✅ 提取成功，质量分: 0
[2026-03-08 11:59:07] [906/1105] Gregory Gundersen
[2026-03-08 11:59:09]   📥 重新爬取网站内容成功 (79 字符)
[2026-03-08 11:59:11]   ✅ 提取成功，质量分: 0
[2026-03-08 11:59:11] [907/1105] NAVER AI
[2026-03-08 11:59:13]   📥 重新爬取网站内容成功 (8 字符)
[2026-03-08 11:59:16]   ✅ 提取成功，质量分: 0
[2026-03-08 11:59:17] [908/1105] Rick Bradley
[2026-03-08 11:59:17]   📄 使用已有网站内容 (406 字符)
[2026-03-08 11:59:20]   ✅ 提取成功，质量分: 0
[2026-03-08 11:59:20] [909/1105] Jason Costello
[2026-03-08 11:59:22]   📥 重新爬取网站内容成功 (32 字符)
[2026-03-08 11:59:25]   ✅ 提取成功，质量分: 0
[2026-03-08 11:59:26] [910/1105] Xiaoyu Xu
[2026-03-08 11:59:26]   📄 使用已有网站内容 (520 字符)
[2026-03-08 11:59:33]   ✅ 提取成功，质量分: 34
[2026-03-08 11:59:34] [911/1105] Anirudh Sivaraman
[2026-03-08 11:59:36]   ⚠️  无法获取网站内容
[2026-03-08 11:59:36]   ⚠️  提取失败，保留原始数据
[2026-03-08 11:59:37] [911/1105] Nate Foster
[2026-03-08 11:59:39]   ⚠️  无法获取网站内容
[2026-03-08 11:59:39]   ⚠️  提取失败，保留原始数据
[2026-03-08 11:59:40] [911/1105] Stanford Systems and Networking Research
[2026-03-08 11:59:42]   ⚠️  无法获取网站内容
[2026-03-08 11:59:42]   ⚠️  提取失败，保留原始数据
[2026-03-08 11:59:42] [911/1105] Xuecheng
[2026-03-08 11:59:42]   📄 使用已有网站内容 (2858 字符)
[2026-03-08 11:59:49]   ✅ 提取成功，质量分: 34
[2026-03-08 11:59:50] [912/1105] binnng
[2026-03-08 11:59:51]   📥 重新爬取网站内容成功 (74 字符)
[2026-03-08 11:59:54]   ✅ 提取成功，质量分: 25
[2026-03-08 11:59:54] [913/1105] Wenyuan Xu
[2026-03-08 11:59:56]   📥 重新爬取网站内容成功 (99 字符)
[2026-03-08 11:59:58]   ✅ 提取成功，质量分: 0
[2026-03-08 11:59:58] [914/1105] Sebastian Pfitzner
[2026-03-08 12:00:00]   📥 重新爬取网站内容成功 (95 字符)
[2026-03-08 12:00:03]   ✅ 提取成功，质量分: 0
[2026-03-08 12:00:03] [915/1105] Hayden Barnes
[2026-03-08 12:00:03]   📄 使用已有网站内容 (684 字符)
[2026-03-08 12:00:10]   ✅ 提取成功，质量分: 24
[2026-03-08 12:00:10] [916/1105] κeen
[2026-03-08 12:00:10]   📄 使用已有网站内容 (1649 字符)
[2026-03-08 12:00:17]   ✅ 提取成功，质量分: 65
[2026-03-08 12:00:18] [917/1105] wolf
[2026-03-08 12:00:19]   📥 重新爬取网站内容成功 (7 字符)
[2026-03-08 12:00:21]   ✅ 提取成功，质量分: 0
[2026-03-08 12:00:21] [918/1105] Cookie
[2026-03-08 12:00:21]   📄 使用已有网站内容 (613 字符)
[2026-03-08 12:00:25]   ✅ 提取成功，质量分: 0
[2026-03-08 12:00:26] [919/1105] None
[2026-03-08 12:00:28]   📥 重新爬取网站内容成功 (86 字符)
[2026-03-08 12:00:30]   ✅ 提取成功，质量分: 0
[2026-03-08 12:00:30] [920/1105] Junyi
[2026-03-08 12:00:32]   📥 重新爬取网站内容成功 (47 字符)
[2026-03-08 12:00:35]   ✅ 提取成功，质量分: 32
[2026-03-08 12:00:36] [921/1105] Daniel Maslowski
[2026-03-08 12:00:38]   📥 重新爬取网站内容成功 (10 字符)
[2026-03-08 12:00:39]   ✅ 提取成功，质量分: 0
[2026-03-08 12:00:40] [922/1105] Jimmy Jia
[2026-03-08 12:00:42]   📥 重新爬取网站内容成功 (55 字符)
[2026-03-08 12:00:43]   ✅ 提取成功，质量分: 0
[2026-03-08 12:00:44] [923/1105] James M. Greene
[2026-03-08 12:00:45]   📥 重新爬取网站内容成功 (15 字符)
[2026-03-08 12:00:47]   ✅ 提取成功，质量分: 0
[2026-03-08 12:00:47] [924/1105] None
[2026-03-08 12:00:50]   📥 重新爬取网站内容成功 (16 字符)
[2026-03-08 12:00:51]   ✅ 提取成功，质量分: 0
[2026-03-08 12:00:51] [925/1105] zhengye zhu
[2026-03-08 12:00:54]   📥 重新爬取网站内容成功 (13 字符)
[2026-03-08 12:00:57]   ✅ 提取成功，质量分: 0
[2026-03-08 12:00:58] [926/1105] Adam Christian
[2026-03-08 12:00:59]   📥 重新爬取网站内容成功 (67 字符)
[2026-03-08 12:01:00]   ✅ 提取成功，质量分: 0
[2026-03-08 12:01:01] [927/1105] Martin Moene
[2026-03-08 12:01:03]   📥 重新爬取网站内容成功 (19 字符)
[2026-03-08 12:01:05]   ✅ 提取成功，质量分: 0
[2026-03-08 12:01:05] [928/1105] Rowel Atienza
[2026-03-08 12:01:07]   📥 重新爬取网站内容成功 (54 字符)
[2026-03-08 12:01:08]   ✅ 提取成功，质量分: 0
[2026-03-08 12:01:08] [929/1105] Shaun
[2026-03-08 12:01:08]   📄 使用已有网站内容 (106 字符)
[2026-03-08 12:01:11]   ✅ 提取成功，质量分: 0
[2026-03-08 12:01:12] [930/1105] Eric Nakagawa
[2026-03-08 12:01:16]   📥 重新爬取网站内容成功 (96 字符)
[2026-03-08 12:01:17]   ✅ 提取成功，质量分: 0
[2026-03-08 12:01:18] [931/1105] Matt Cooper
[2026-03-08 12:01:21]   📥 重新爬取网站内容成功 (19 字符)
[2026-03-08 12:01:22]   ✅ 提取成功，质量分: 0
[2026-03-08 12:01:22] [932/1105] Jacky Wu
[2026-03-08 12:01:22]   📄 使用已有网站内容 (984 字符)
[2026-03-08 12:01:28]   ✅ 提取成功，质量分: 49
[2026-03-08 12:01:29] [933/1105] FerryYoungFan
[2026-03-08 12:01:31]   📥 重新爬取网站内容成功 (13 字符)
[2026-03-08 12:01:33]   ✅ 提取成功，质量分: 0
[2026-03-08 12:01:33] [934/1105] Leon
[2026-03-08 12:01:33]   📄 使用已有网站内容 (820 字符)
[2026-03-08 12:01:38]   ✅ 提取成功，质量分: 39
[2026-03-08 12:01:38] [935/1105] Yinzo
[2026-03-08 12:01:40]   📥 重新爬取网站内容成功 (26 字符)
[2026-03-08 12:01:42]   ✅ 提取成功，质量分: 0
[2026-03-08 12:01:42] [936/1105] Pingchuan Ma
[2026-03-08 12:01:42]   📄 使用已有网站内容 (781 字符)
[2026-03-08 12:01:51]   ✅ 提取成功，质量分: 79
[2026-03-08 12:01:51] [937/1105] Renkai Ge
[2026-03-08 12:01:53]   📥 重新爬取网站内容成功 (10 字符)
[2026-03-08 12:01:54]   ✅ 提取成功，质量分: 0
[2026-03-08 12:01:55] [938/1105] Leo DENG
[2026-03-08 12:01:56]   📥 重新爬取网站内容成功 (83 字符)
[2026-03-08 12:01:58]   ✅ 提取成功，质量分: 0
[2026-03-08 12:01:58] [939/1105] 寧靜
[2026-03-08 12:01:59]   📥 重新爬取网站内容成功 (35 字符)
[2026-03-08 12:02:01]   ✅ 提取成功，质量分: 0
[2026-03-08 12:02:01] [940/1105] Elad Richardson
[2026-03-08 12:02:03]   📥 重新爬取网站内容成功 (62 字符)
[2026-03-08 12:02:04]   ✅ 提取成功，质量分: 0
[2026-03-08 12:02:05] [941/1105] Victor Nogueira
[2026-03-08 12:02:12]   📥 重新爬取网站内容成功 (15 字符)
[2026-03-08 12:02:13]   ✅ 提取成功，质量分: 0
[2026-03-08 12:02:14] [942/1105] Infrasys-AI
[2026-03-08 12:02:14]   📄 使用已有网站内容 (1122 字符)
[2026-03-08 12:02:19]   ✅ 提取成功，质量分: 34
[2026-03-08 12:02:19] [943/1105] Ehud Ben-Reuven
[2026-03-08 12:02:19]   📄 使用已有网站内容 (3075 字符)
[2026-03-08 12:02:26]   ✅ 提取成功，质量分: 35
[2026-03-08 12:02:26] [944/1105] Áron Monszpart
[2026-03-08 12:02:27]   ⚠️  无法获取网站内容
[2026-03-08 12:02:27]   ⚠️  提取失败，保留原始数据
[2026-03-08 12:02:28] [944/1105] Max Morrison
[2026-03-08 12:02:29]   📥 重新爬取网站内容成功 (59 字符)
[2026-03-08 12:02:31]   ✅ 提取成功，质量分: 0
[2026-03-08 12:02:31] [945/1105] QuantConnect
[2026-03-08 12:02:31]   📄 使用已有网站内容 (9486 字符)
[2026-03-08 12:02:39]   ✅ 提取成功，质量分: 40
[2026-03-08 12:02:40] [946/1105] Julien Bouquillon
[2026-03-08 12:02:44]   📥 重新爬取网站内容成功 (97 字符)
[2026-03-08 12:02:45]   ✅ 提取成功，质量分: 0
[2026-03-08 12:02:46] [947/1105] takuoko
[2026-03-08 12:02:47]   📥 重新爬取网站内容成功 (16 字符)
[2026-03-08 12:02:49]   ✅ 提取成功，质量分: 0
[2026-03-08 12:02:49] [948/1105] Sibo Zhu
[2026-03-08 12:02:52]   📥 重新爬取网站内容成功 (65 字符)
[2026-03-08 12:02:53]   ✅ 提取成功，质量分: 0
[2026-03-08 12:02:54] [949/1105] Yang Wu
[2026-03-08 12:02:55]   📥 重新爬取网站内容成功 (29 字符)
[2026-03-08 12:02:59]   ✅ 提取成功，质量分: 0
[2026-03-08 12:02:59] [950/1105] Shilin
[2026-03-08 12:03:01]   📥 重新爬取网站内容成功 (96 字符)
[2026-03-08 12:03:03]   ✅ 提取成功，质量分: 0
[2026-03-08 12:03:03] [951/1105] Xinyu Hua
[2026-03-08 12:03:05]   📥 重新爬取网站内容成功 (84 字符)
[2026-03-08 12:03:06]   ✅ 提取成功，质量分: 0
[2026-03-08 12:03:07] [952/1105] yuexy
[2026-03-08 12:03:07]   📄 使用已有网站内容 (134 字符)
[2026-03-08 12:03:09]   ✅ 提取成功，质量分: 0
[2026-03-08 12:03:09] [953/1105] Xinwei Geng
[2026-03-08 12:03:09]   📥 重新爬取网站内容成功 (39 字符)
[2026-03-08 12:03:12]   ✅ 提取成功，质量分: 0
[2026-03-08 12:03:12] [954/1105] None
[2026-03-08 12:03:14]   📥 重新爬取网站内容成功 (11 字符)
[2026-03-08 12:03:17]   ✅ 提取成功，质量分: 0
[2026-03-08 12:03:18] [955/1105] Hayato Ikoma
[2026-03-08 12:03:20]   📥 重新爬取网站内容成功 (55 字符)
[2026-03-08 12:03:22]   ✅ 提取成功，质量分: 0
[2026-03-08 12:03:22] [956/1105] Songbo Hu
[2026-03-08 12:03:24]   📥 重新爬取网站内容成功 (70 字符)
[2026-03-08 12:03:25]   ✅ 提取成功，质量分: 0
[2026-03-08 12:03:25] [957/1105] Allan Zhou
[2026-03-08 12:03:28]   ⚠️  无法获取网站内容
[2026-03-08 12:03:28]   ⚠️  提取失败，保留原始数据
[2026-03-08 12:03:28] [957/1105] CH3OH
[2026-03-08 12:03:30]   📥 重新爬取网站内容成功 (25 字符)
[2026-03-08 12:03:31]   ✅ 提取成功，质量分: 0
[2026-03-08 12:03:32] [958/1105] Gavin Junjue Xing
[2026-03-08 12:03:34]   ⚠️  无法获取网站内容
[2026-03-08 12:03:34]   ⚠️  提取失败，保留原始数据
[2026-03-08 12:03:35] [958/1105] Ji Ma(马骥)
[2026-03-08 12:03:36]   📥 重新爬取网站内容成功 (63 字符)
[2026-03-08 12:03:37]   ✅ 提取成功，质量分: 0
[2026-03-08 12:03:38] [959/1105] Harry (J.X.) C.
[2026-03-08 12:03:39]   📥 重新爬取网站内容成功 (8 字符)
[2026-03-08 12:03:41]   ✅ 提取成功，质量分: 0
[2026-03-08 12:03:41] [960/1105] chenzihong
[2026-03-08 12:03:43]   📥 重新爬取网站内容成功 (43 字符)
[2026-03-08 12:03:44]   ✅ 提取成功，质量分: 0
[2026-03-08 12:03:45] [961/1105] Yicheng Huang
[2026-03-08 12:03:46]   📥 重新爬取网站内容成功 (40 字符)
[2026-03-08 12:03:47]   ✅ 提取成功，质量分: 0
[2026-03-08 12:03:48] [962/1105] Victor Chahuneau
[2026-03-08 12:03:50]   📥 重新爬取网站内容成功 (59 字符)
[2026-03-08 12:03:52]   ✅ 提取成功，质量分: 0
[2026-03-08 12:03:53] [963/1105] David
[2026-03-08 12:03:53]   📄 使用已有网站内容 (1031 字符)
[2026-03-08 12:03:59]   ✅ 提取成功，质量分: 34
[2026-03-08 12:03:59] [964/1105] Farhan Samir
[2026-03-08 12:04:01]   📥 重新爬取网站内容成功 (95 字符)
[2026-03-08 12:04:02]   ✅ 提取成功，质量分: 0
[2026-03-08 12:04:03] [965/1105] None
[2026-03-08 12:04:03]   📥 重新爬取网站内容成功 (9 字符)
[2026-03-08 12:04:06]   ✅ 提取成功，质量分: 0
[2026-03-08 12:04:06] [966/1105] Zhang-RQ
[2026-03-08 12:04:06]   📄 使用已有网站内容 (333 字符)
[2026-03-08 12:04:10]   ✅ 提取成功，质量分: 6
[2026-03-08 12:04:10] [967/1105] Han Yue
[2026-03-08 12:04:10]   📄 使用已有网站内容 (4277 字符)
[2026-03-08 12:04:17]   ✅ 提取成功，质量分: 34
[2026-03-08 12:04:18] [968/1105] None
[2026-03-08 12:04:19]   ⚠️  无法获取网站内容
[2026-03-08 12:04:19]   ⚠️  提取失败，保留原始数据
[2026-03-08 12:04:20] [968/1105] Gao Ziyuan
[2026-03-08 12:04:21]   ⚠️  无法获取网站内容
[2026-03-08 12:04:21]   ⚠️  提取失败，保留原始数据
[2026-03-08 12:04:22] [968/1105] V
[2026-03-08 12:04:22]   📄 使用已有网站内容 (4888 字符)
[2026-03-08 12:04:36]   ✅ 提取成功，质量分: 65
[2026-03-08 12:04:36] [969/1105] Cong Li
[2026-03-08 12:04:38]   📥 重新爬取网站内容成功 (86 字符)
[2026-03-08 12:04:39]   ✅ 提取成功，质量分: 0
[2026-03-08 12:04:40] [970/1105] yt
[2026-03-08 12:04:40]   📄 使用已有网站内容 (148 字符)
[2026-03-08 12:04:41]   ✅ 提取成功，质量分: 0
[2026-03-08 12:04:41] [971/1105] Rickard Brüel Gabrielsson
[2026-03-08 12:04:45]   📥 重新爬取网站内容成功 (25 字符)
[2026-03-08 12:04:46]   ✅ 提取成功，质量分: 0
[2026-03-08 12:04:47] [972/1105] jiang jianjun
[2026-03-08 12:04:47]   ⚠️  无法获取网站内容
[2026-03-08 12:04:47]   ⚠️  提取失败，保留原始数据
[2026-03-08 12:04:48] [972/1105] JimyMa
[2026-03-08 12:04:49]   📥 重新爬取网站内容成功 (54 字符)
[2026-03-08 12:04:51]   ✅ 提取成功，质量分: 0
[2026-03-08 12:04:52] [973/1105] Lei Zhang
[2026-03-08 12:04:52]   📄 使用已有网站内容 (170 字符)
[2026-03-08 12:04:54]   ✅ 提取成功，质量分: 0
[2026-03-08 12:04:55] [974/1105] Yuzheng Liu
[2026-03-08 12:04:56]   📥 重新爬取网站内容成功 (17 字符)
[2026-03-08 12:04:57]   ✅ 提取成功，质量分: 0
[2026-03-08 12:04:58] [975/1105] JK
[2026-03-08 12:04:59]   📥 重新爬取网站内容成功 (31 字符)
[2026-03-08 12:05:03]   ✅ 提取成功，质量分: 0
[2026-03-08 12:05:04] [976/1105] Xuhao Luo
[2026-03-08 12:05:06]   📥 重新爬取网站内容成功 (20 字符)
[2026-03-08 12:05:08]   ✅ 提取成功，质量分: 0
[2026-03-08 12:05:08] [977/1105] Josh Ferguson
[2026-03-08 12:05:12]   📥 重新爬取网站内容成功 (12 字符)
[2026-03-08 12:05:14]   ✅ 提取成功，质量分: 0
[2026-03-08 12:05:14] [978/1105] CHEN Yuwen
[2026-03-08 12:05:17]   📥 重新爬取网站内容成功 (12 字符)
[2026-03-08 12:05:19]   ✅ 提取成功，质量分: 0
[2026-03-08 12:05:19] [979/1105] Masahiro Hayashi
[2026-03-08 12:05:21]   📥 重新爬取网站内容成功 (66 字符)
[2026-03-08 12:05:23]   ✅ 提取成功，质量分: 0
[2026-03-08 12:05:23] [980/1105] Ryan elfmaster O'Neill
[2026-03-08 12:05:25]   📥 重新爬取网站内容成功 (54 字符)
[2026-03-08 12:05:28]   ✅ 提取成功，质量分: 0
[2026-03-08 12:05:29] [981/1105] Johan Edstedt
[2026-03-08 12:05:31]   📥 重新爬取网站内容成功 (13 字符)
[2026-03-08 12:05:32]   ✅ 提取成功，质量分: 0
[2026-03-08 12:05:33] [982/1105] Pablo Vela
[2026-03-08 12:05:34]   📥 重新爬取网站内容成功 (56 字符)
[2026-03-08 12:05:37]   ✅ 提取成功，质量分: 49
[2026-03-08 12:05:37] [983/1105] Charlie Cheever
[2026-03-08 12:05:48]   ⚠️  无法获取网站内容
[2026-03-08 12:05:48]   ⚠️  提取失败，保留原始数据
[2026-03-08 12:05:48] [983/1105] Richard Gao
[2026-03-08 12:05:50]   📥 重新爬取网站内容成功 (85 字符)
[2026-03-08 12:05:51]   ✅ 提取成功，质量分: 0
[2026-03-08 12:05:51] [984/1105] Hongwei Xi
[2026-03-08 12:05:54]   📥 重新爬取网站内容成功 (69 字符)
[2026-03-08 12:05:59]   ✅ 提取成功，质量分: 0
[2026-03-08 12:05:59] [985/1105] Albert T. Wong
[2026-03-08 12:06:00]   📥 重新爬取网站内容成功 (47 字符)
[2026-03-08 12:06:02]   ✅ 提取成功，质量分: 0
[2026-03-08 12:06:03] [986/1105] Matt Mullenweg
[2026-03-08 12:06:03]   📄 使用已有网站内容 (10014 字符)
[2026-03-08 12:06:12]   ✅ 提取成功，质量分: 65
[2026-03-08 12:06:12] [987/1105] SylphAI
[2026-03-08 12:06:15]   📥 重新爬取网站内容成功 (69 字符)
[2026-03-08 12:06:19]   ✅ 提取成功，质量分: 0
[2026-03-08 12:06:19] [988/1105] Pete Vilter
[2026-03-08 12:06:21]   📥 重新爬取网站内容成功 (11 字符)
[2026-03-08 12:06:22]   ✅ 提取成功，质量分: 0
[2026-03-08 12:06:22] [989/1105] Mesolitica
[2026-03-08 12:06:24]   📥 重新爬取网站内容成功 (10 字符)
[2026-03-08 12:06:25]   ✅ 提取成功，质量分: 0
[2026-03-08 12:06:26] [990/1105] Wan Shen Lim
[2026-03-08 12:06:27]   📥 重新爬取网站内容成功 (38 字符)
[2026-03-08 12:06:29]   ✅ 提取成功，质量分: 0
[2026-03-08 12:06:29] [991/1105] Pistos
[2026-03-08 12:06:29]   📄 使用已有网站内容 (1143 字符)
[2026-03-08 12:06:34]   ✅ 提取成功，质量分: 14
[2026-03-08 12:06:35] [992/1105] dragonir
[2026-03-08 12:06:37]   📥 重新爬取网站内容成功 (54 字符)
[2026-03-08 12:06:38]   ✅ 提取成功，质量分: 0
[2026-03-08 12:06:39] [993/1105] allen
[2026-03-08 12:06:40]   📥 重新爬取网站内容成功 (13 字符)
[2026-03-08 12:06:43]   ✅ 提取成功，质量分: 0
[2026-03-08 12:06:43] [994/1105] Douglas C. Schmidt
[2026-03-08 12:06:46]   ⚠️  无法获取网站内容
[2026-03-08 12:06:46]   ⚠️  提取失败，保留原始数据
[2026-03-08 12:06:46] [994/1105] Zafar Rafii
[2026-03-08 12:06:49]   📥 重新爬取网站内容成功 (19 字符)
[2026-03-08 12:06:50]   ✅ 提取成功，质量分: 0
[2026-03-08 12:06:51] [995/1105] Ángel Velásquez
[2026-03-08 12:06:52]   📥 重新爬取网站内容成功 (10 字符)
[2026-03-08 12:06:54]   ✅ 提取成功，质量分: 0
[2026-03-08 12:06:54] [996/1105] P喵呜
[2026-03-08 12:06:56]   📥 重新爬取网站内容成功 (8 字符)
[2026-03-08 12:06:57]   ✅ 提取成功，质量分: 0
[2026-03-08 12:06:57] [997/1105] Pietro Schirano
[2026-03-08 12:07:01]   📥 重新爬取网站内容成功 (7 字符)
[2026-03-08 12:07:03]   ✅ 提取成功，质量分: 0
[2026-03-08 12:07:03] [998/1105] containerd
[2026-03-08 12:07:03]   📄 使用已有网站内容 (2066 字符)
[2026-03-08 12:07:08]   ✅ 提取成功，质量分: 34
[2026-03-08 12:07:09] [999/1105] Jordan Singer
[2026-03-08 12:07:10]   📥 重新爬取网站内容成功 (13 字符)
[2026-03-08 12:07:12]   ✅ 提取成功，质量分: 0
[2026-03-08 12:07:12] [1000/1105] Pavel Dobryakov
[2026-03-08 12:07:14]   📥 重新爬取网站内容成功 (76 字符)
[2026-03-08 12:07:17]   ✅ 提取成功，质量分: 0
[2026-03-08 12:07:17] [1001/1105] AI4Finance Foundation
[2026-03-08 12:07:17]   📄 使用已有网站内容 (2627 字符)
[2026-03-08 12:07:23]   ❌ LLM提取失败: Expecting ',' delimiter: line 6 column 3 (char 1080)
[2026-03-08 12:07:23]   ⚠️  提取失败，保留原始数据
[2026-03-08 12:07:24] [1001/1105] Sean Barrett
[2026-03-08 12:07:24]   📄 使用已有网站内容 (8326 字符)
[2026-03-08 12:07:32]   ✅ 提取成功，质量分: 49
[2026-03-08 12:07:33] [1002/1105] fanux
[2026-03-08 12:07:33]   📄 使用已有网站内容 (7850 字符)
[2026-03-08 12:07:41]   ✅ 提取成功，质量分: 34
[2026-03-08 12:07:41] [1003/1105] Roger
[2026-03-08 12:07:41]   📄 使用已有网站内容 (129 字符)
[2026-03-08 12:07:45]   ✅ 提取成功，质量分: 0
[2026-03-08 12:07:46] [1004/1105] levonk
[2026-03-08 12:07:50]   📥 重新爬取网站内容成功 (81 字符)
[2026-03-08 12:07:52]   ✅ 提取成功，质量分: 0
[2026-03-08 12:07:52] [1005/1105] Any Association
[2026-03-08 12:07:55]   📥 重新爬取网站内容成功 (48 字符)
[2026-03-08 12:07:56]   ✅ 提取成功，质量分: 0
[2026-03-08 12:07:56] [1006/1105] bilibili
[2026-03-08 12:07:56]   📄 使用已有网站内容 (754 字符)
[2026-03-08 12:07:58]   ✅ 提取成功，质量分: 0
[2026-03-08 12:07:58] [1007/1105] leijurv
[2026-03-08 12:08:00]   📥 重新爬取网站内容成功 (59 字符)
[2026-03-08 12:08:03]   ✅ 提取成功，质量分: 15
[2026-03-08 12:08:03] [1008/1105] Lyric Wai
[2026-03-08 12:08:05]   📥 重新爬取网站内容成功 (87 字符)
[2026-03-08 12:08:08]   ✅ 提取成功，质量分: 0
[2026-03-08 12:08:09] [1009/1105] Adam Miskiewicz
[2026-03-08 12:08:11]   📥 重新爬取网站内容成功 (58 字符)
[2026-03-08 12:08:12]   ✅ 提取成功，质量分: 0
[2026-03-08 12:08:13] [1010/1105] Sara Vieira
[2026-03-08 12:08:15]   📥 重新爬取网站内容成功 (11 字符)
[2026-03-08 12:08:17]   ✅ 提取成功，质量分: 0
[2026-03-08 12:08:17] [1011/1105] VoronDesign
[2026-03-08 12:08:17]   📄 使用已有网站内容 (1254 字符)
[2026-03-08 12:08:23]   ✅ 提取成功，质量分: 47
[2026-03-08 12:08:24] [1012/1105] Awe
[2026-03-08 12:08:25]   📥 重新爬取网站内容成功 (43 字符)
[2026-03-08 12:08:29]   ✅ 提取成功，质量分: 0
[2026-03-08 12:08:30] [1013/1105] Koushik Dutta
[2026-03-08 12:08:33]   📥 重新爬取网站内容成功 (56 字符)
[2026-03-08 12:08:35]   ✅ 提取成功，质量分: 0
[2026-03-08 12:08:36] [1014/1105] 千古壹号
[2026-03-08 12:08:37]   📥 重新爬取网站内容成功 (99 字符)
[2026-03-08 12:08:38]   ✅ 提取成功，质量分: 0
[2026-03-08 12:08:39] [1015/1105] Tristan Zajonc
[2026-03-08 12:08:40]   ⚠️  无法获取网站内容
[2026-03-08 12:08:40]   ⚠️  提取失败，保留原始数据
[2026-03-08 12:08:41] [1015/1105] CoolStar
[2026-03-08 12:08:42]   📥 重新爬取网站内容成功 (79 字符)
[2026-03-08 12:08:45]   ✅ 提取成功，质量分: 31
[2026-03-08 12:08:46] [1016/1105] Atlas
[2026-03-08 12:08:46]   📄 使用已有网站内容 (6318 字符)
[2026-03-08 12:08:54]   ✅ 提取成功，质量分: 30
[2026-03-08 12:08:55] [1017/1105] nekocode
[2026-03-08 12:08:57]   📥 重新爬取网站内容成功 (16 字符)
[2026-03-08 12:08:58]   ✅ 提取成功，质量分: 0
[2026-03-08 12:08:59] [1018/1105] OpenVINO™ Toolkit
[2026-03-08 12:08:59]   📄 使用已有网站内容 (10014 字符)
[2026-03-08 12:09:08]   ✅ 提取成功，质量分: 30
[2026-03-08 12:09:09] [1019/1105] Simon Ser
[2026-03-08 12:09:10]   📥 重新爬取网站内容成功 (24 字符)
[2026-03-08 12:09:12]   ✅ 提取成功，质量分: 0
[2026-03-08 12:09:12] [1020/1105] Microsoft Azure
[2026-03-08 12:09:12]   📄 使用已有网站内容 (10014 字符)
[2026-03-08 12:09:22]   ✅ 提取成功，质量分: 34
[2026-03-08 12:09:23] [1021/1105] Quincy Larson
[2026-03-08 12:09:25]   ⚠️  无法获取网站内容
[2026-03-08 12:09:25]   ⚠️  提取失败，保留原始数据
[2026-03-08 12:09:25] [1021/1105] Nyanmisaka
[2026-03-08 12:09:26]   📥 重新爬取网站内容成功 (3 字符)
[2026-03-08 12:09:28]   ✅ 提取成功，质量分: 0
[2026-03-08 12:09:28] [1022/1105] Jeff Verkoeyen
[2026-03-08 12:09:30]   📥 重新爬取网站内容成功 (84 字符)
[2026-03-08 12:09:33]   ✅ 提取成功，质量分: 0
[2026-03-08 12:09:33] [1023/1105] John Leider
[2026-03-08 12:09:35]   📥 重新爬取网站内容成功 (35 字符)
[2026-03-08 12:09:36]   ✅ 提取成功，质量分: 0
[2026-03-08 12:09:37] [1024/1105] Logseq
[2026-03-08 12:09:38]   📥 重新爬取网站内容成功 (51 字符)
[2026-03-08 12:09:40]   ✅ 提取成功，质量分: 0
[2026-03-08 12:09:40] [1025/1105] Kentaro Hayashi
[2026-03-08 12:09:43]   📥 重新爬取网站内容成功 (14 字符)
[2026-03-08 12:09:44]   ✅ 提取成功，质量分: 0
[2026-03-08 12:09:45] [1026/1105] Gaetan Hadjeres
[2026-03-08 12:09:45]   📄 使用已有网站内容 (4575 字符)
[2026-03-08 12:09:53]   ✅ 提取成功，质量分: 65
[2026-03-08 12:09:54] [1027/1105] Manycore Research
[2026-03-08 12:09:54]   📥 重新爬取网站内容成功 (4 字符)
[2026-03-08 12:09:57]   ✅ 提取成功，质量分: 0
[2026-03-08 12:09:58] [1028/1105] everpcpc
[2026-03-08 12:09:59]   📥 重新爬取网站内容成功 (89 字符)
[2026-03-08 12:10:01]   ✅ 提取成功，质量分: 0
[2026-03-08 12:10:01] [1029/1105] MNE tools for MEG and EEG data analysis
[2026-03-08 12:10:04]   📥 重新爬取网站内容成功 (76 字符)
[2026-03-08 12:10:05]   ✅ 提取成功，质量分: 0
[2026-03-08 12:10:06] [1030/1105] Nexa AI
[2026-03-08 12:10:08]   📥 重新爬取网站内容成功 (51 字符)
[2026-03-08 12:10:10]   ✅ 提取成功，质量分: 0
[2026-03-08 12:10:10] [1031/1105] James
[2026-03-08 12:10:10]   📄 使用已有网站内容 (10014 字符)
[2026-03-08 12:10:12]   ✅ 提取成功，质量分: 0
[2026-03-08 12:10:12] [1032/1105] Scale
[2026-03-08 12:10:13]   📥 重新爬取网站内容成功 (71 字符)
[2026-03-08 12:10:15]   ✅ 提取成功，质量分: 0
[2026-03-08 12:10:15] [1033/1105] Terence孫
[2026-03-08 12:10:17]   📥 重新爬取网站内容成功 (16 字符)
[2026-03-08 12:10:20]   ✅ 提取成功，质量分: 0
[2026-03-08 12:10:21] 💾 保存结果到: /Users/lillianliao/notion_rag/github_mining/scripts/github_mining/phase45_missing_1105_enriched.json
[2026-03-08 12:10:21] ======================================================================
[2026-03-08 12:10:21] 📊 最终统计
[2026-03-08 12:10:21] ======================================================================
[2026-03-08 12:10:21] 总候选人数: 1105
[2026-03-08 12:10:21] 成功提取: 1033 (93.5%)
[2026-03-08 12:10:21] 提取失败: 72 (6.5%)
[2026-03-08 12:10:21] 
📊 质量分布:
[2026-03-08 12:10:21]    高质量(90-100): 208 人
[2026-03-08 12:10:21]    中等质量(60-89): 147 人
[2026-03-08 12:10:21]    基础质量(30-59): 201 人
[2026-03-08 12:10:21] ======================================================================
[2026-03-08 12:10:21] ✅ 富化完成！
[2026-03-08 12:10:21] 📁 输出文件: /Users/lillianliao/notion_rag/github_mining/scripts/github_mining/phase45_missing_1105_enriched.json
[2026-03-08 12:10:21] ⏰ 完成时间: 2026-03-08 12:10:21
